S.No,DNAPass AS Name,Subject coverage,Weighted Score
1,BNCH-Java-Jr-Java Jr Dev Test-grades,0.48,0.3973
2,BNCH-Java-Jr-Java Jr Dev Test-grades,0.44,0.3841
3,BNCH-Java-Jr-Java Jr Dev Test-grades,0.24,0.192
4,BNCH-Java-Jr-Java Jr Dev Test-grades,0.32,0.3406
5,BNCH-Java-Jr-Java Jr Dev Test-grades,0,-0.0036
6,BNCH-Java-Jr-Java Jr Dev Test-grades,0.6,0.4275
7,BNCH-Java-Jr-Java Jr Dev Test-grades,0.32,0.2899
8,BNCH-Java-Jr-Java Jr Dev Test-grades,0.28,0.2065
9,BNCH-Java-Jr-Java Jr Dev Test-grades,0.44,0.4191
10,BNCH-Java-Jr-Java Jr Dev Test-grades,0.36,0.3345
11,BNCH-Java-Jr-Java Jr Dev Test-grades,0.52,0.4444
12,BNCH-Java-Jr-Java Jr Dev Test-grades,0.32,0.3527
13,BNCH-Java-Jr-Java Jr Dev Test-grades,0.64,0.6063
14,BNCH-Java-Jr-Java Jr Dev Test-grades,0.36,0.32
15,BNCH-Java-Jr-Java Jr Dev Test-grades,0.52,0.4952
16,BNCH-Java-Jr-Java Jr Dev Test-grades,0.28,0.2524
17,BNCH-Java-Jr-Java Jr Dev Test-grades,0.68,0.6304
18,BNCH-Java-Jr-Java Jr Dev Test-grades,0.52,0.3937
19,BNCH-Java-Jr-Java Jr Dev Test-grades,0.12,0.0918
20,BNCH-Java-Jr-Java Jr Dev Test-grades,0.52,0.4686
21,BNCH-Java-Jr-Java Jr Dev Test-grades,0.72,0.6329
22,BNCH-Java-Jr-Java Jr Dev Test-grades,0.72,0.5749
23,BNCH-Java-Jr-Java Jr Dev Test-grades,0,0
24,BNCH-Java-Jr-Java Jr Dev Test-grades,0.56,0.4988
25,BNCH-Java-Jr-Java Jr Dev Test-grades,0.68,0.5217
26,BNCH-Java-Jr-Java Jr Dev Test-grades,0.56,0.4964
27,BNCH-Java-Jr-Java Jr Dev Test-grades,0.48,0.4167
28,BNCH-Java-Jr-Java Jr Dev Test-grades,0.32,0.2681
29,BNCH-Java-Jr-Java Jr Dev Test-grades,0.52,0.4541
30,BNCH-Java-Jr-Java Jr Dev Test-grades,0.52,0.5326
31,BNCH-Java-Jr-Java Jr Dev Test-grades,0.6,0.599
32,BNCH-Java-Jr-Java Jr Dev Test-grades,0.68,0.5688
33,BNCH-Java-Jr-Java Jr Dev Test-grades,0.08,0.1667
34,BNCH-Java-Jr-Java Jr Dev Test-grades,0.32,0.3333
35,BNCH-Java-Jr-Java Jr Dev Test-grades,0.52,0.5133
36,BNCH-Java-Jr-Java Jr Dev Test-grades,0.6,0.5543
37,BNCH-Java-Jr-Java Jr Dev Test-grades,0.44,0.3659
38,BNCH-Java-Jr-Java Jr Dev Test-grades,0.36,0.3394
39,BNCH-Java-Jr-Java Jr Dev Test-grades,0.24,0.186
40,BNCH-Java-Jr-Java Jr Dev Test-grades,0.32,0.4179
41,BNCH-Java-Jr-Java Jr Dev Test-grades,0.24,0.1872
42,BNCH-Java-Jr-Java Jr Dev Test-grades,0.44,0.4348
43,BNCH-Java-Jr-Java Jr Dev Test-grades,0.28,0.2838
44,BNCH-Java-Jr-Java Jr Dev Test-grades,0.44,0.4626
45,BNCH-Java-Jr-Java Jr Dev Test-grades,0.2,0.1727
46,BNCH-Java-Jr-Java Jr Dev Test-grades,0.52,0.471
47,BNCH-Java-Jr-Java Jr Dev Test-grades,0.64,0.5447
48,BNCH-Java-Jr-Java Jr Dev Test-grades,0.48,0.442
49,BNCH-Java-Jr-Java Jr Dev Test-grades,0.52,0.4662
50,BNCH-Java-Jr-Java Jr Dev Test-grades,0.36,0.4312
51,BNCH-Java-Jr-Java Jr Dev Test-grades,0.52,0.3925
52,BNCH-Java-Jr-Java Jr Dev Test-grades,0.56,0.6232
53,BNCH-Java-Jr-Java Jr Dev Test-grades,0.2,0.1932
54,BNCH-Java-Jr-Java Jr Dev Test-grades,0.76,0.6123
55,BNCH-Java-Jr-Java Jr Dev Test-grades,0.64,0.5942
56,BNCH-Java-Jr-Java Jr Dev Test-grades,0.16,0.1775
57,BNCH-Java-Jr-Java Jr Dev Test-grades,0.64,0.5725
58,BNCH-Java-Jr-Java Jr Dev Test-grades,0.6,0.4843
59,BNCH-Java-Jr-Java Jr Dev Test-grades,0.44,0.3442
60,BNCH-Java-Jr-Java Jr Dev Test-grades,0.2,0.1824
61,BNCH-Java-Jr-Java Jr Dev Test-grades,0.56,0.5713
62,BNCH-Java-Jr-Java Jr Dev Test-grades,0.08,0.0531
63,BNCH-Java-Jr-Java Jr Dev Test-grades,0.32,0.2524
64,BNCH-Java-Jr-Java Jr Dev Test-grades,0.52,0.5326
65,BNCH-Java-Jr-Java Jr Dev Test-grades,0,0
66,BNCH-Java-Jr-Java Jr Dev Test-grades,0.4,0.3406
67,BNCH-Java-Jr-Java Jr Dev Test-grades,0.48,0.3116
68,BNCH-Java-Jr-Java Jr Dev Test-grades,0.64,0.6643
69,BNCH-Java-Jr-Java Jr Dev Test-grades,0.48,0.471
70,BNCH-Java-Jr-Java Jr Dev Test-grades,0.24,0.1027
71,BNCH-Java-Jr-Java Jr Dev Test-grades,0.2,0.1522
72,BNCH-Java-Jr-Java Jr Dev Test-grades,0.36,0.2995
73,BNCH-Java-Jr-Java Jr Dev Test-grades,0.24,0.2162
74,BNCH-Java-Jr-Java Jr Dev Test-grades,0.08,0.1329
75,BNCH-Java-Jr-Java Jr Dev Test-grades,0.4,0.3225
76,BNCH-Java-Jr-Java Jr Dev Test-grades,0.6,0.6618
77,BNCH-Java-Jr-Java Jr Dev Test-grades,0.76,0.6655
78,BNCH-Java-Jr-Java Jr Dev Test-grades,0.44,0.4167
79,BNCH-Java-Jr-Java Jr Dev Test-grades,0.68,0.6087
80,BNCH-Java-Jr-Java Jr Dev Test-grades,0.48,0.5302
81,BNCH-Java-Jr-Java Jr Dev Test-grades,0.16,0.2114
82,BNCH-Java-Jr-Java Jr Dev Test-grades,0.52,0.5012
83,BNCH-Java-Jr-Java Jr Dev Test-grades,0.04,0.0942
84,BNCH-Java-Jr-Java Jr Dev Test-grades,0.28,0.1981
85,BNCH-Java-Jr-Java Jr Dev Test-grades,0.44,0.4058
86,BNCH-Java-Jr-Java Jr Dev Test-grades,0.2,0.2234
87,BNCH-Java-Jr-Java Jr Dev Test-grades,0.24,0.192
88,BNCH-Java-Jr-Java Jr Dev Test-grades,0.12,0.1184
89,BNCH-Java-Jr-Java Jr Dev Test-grades,0.28,0.3116
90,BNCH-Java-Jr-Java Jr Dev Test-grades,0.28,0.2077
91,BNCH-Java-Jr-Java Jr Dev Test-grades,0.64,0.5024
92,BNCH-Java-Jr-Java Jr Dev Test-grades,0.2,0.1534
93,BNCH-Java-Jr-Java Jr Dev Test-grades,0.24,0.25
94,BNCH-Java-Jr-Java Jr Dev Test-grades,0.44,0.3998
95,BNCH-Java-Jr-Java Jr Dev Test-grades,0.36,0.3225
96,BNCH-Java-Jr-Java Jr Dev Test-grades,0.36,0.3816
97,BNCH-Java-Jr-Java Jr Dev Test-grades,0.24,0.2379
98,BNCH-Java-Jr-Java Jr Dev Test-grades,0.28,0.2899
99,BNCH-Java-Jr-Java Jr Dev Test-grades,0.32,0.2295
100,BNCH-Java-Jr-Java Jr Dev Test-grades,0.48,0.4348
101,BNCH-Java-Jr-Java Jr Dev Test-grades,0.2,0.1486
102,BNCH-Java-Jr-Java Jr Dev Test-grades,0,0
103,BNCH-Java-Jr-Java Jr Dev Test-grades,0.4,0.401
104,BNCH-Java-Jr-Java Jr Dev Test-grades,0.2,0.2874
105,BNCH-Java-Jr-Java Jr Dev Test-grades,0.36,0.3937
106,BNCH-Java-Jr-Java Jr Dev Test-grades,0.2,0.2415
107,BNCH-Java-Jr-Java Jr Dev Test-grades,0.36,0.3684
108,BNCH-Java-Jr-Java Jr Dev Test-grades,0.48,0.535
109,BNCH-Java-Jr-Java Jr Dev Test-grades,0,0
110,BNCH-Java-Jr-Java Jr Dev Test-grades,0.6,0.5145
111,BNCH-Java-Jr-Java Jr Dev Test-grades,0.4,0.4432
112,BNCH-Java-Jr-Java Jr Dev Test-grades,0.52,0.5193
113,BNCH-Java-Jr-Java Jr Dev Test-grades,0.44,0.4372
114,BNCH-Java-Jr-Java Jr Dev Test-grades,0.32,0.2126
115,BNCH-Java-Jr-Java Jr Dev Test-grades,0.48,0.3998
116,BNCH-Java-Jr-Java Jr Dev Test-grades,0.28,0.2754
117,BNCH-Java-Jr-Java Jr Dev Test-grades,0.64,0.5435
118,BNCH-Java-Jr-Java Jr Dev Test-grades,0.4,0.337
119,BNCH-Java-Jr-Java Jr Dev Test-grades,0.4,0.4348
120,BNCH-Java-Jr-Java Jr Dev Test-grades,0.08,0.1437
121,BNCH-Java-Jr-Java Jr Dev Test-grades,0.4,0.4167
122,BNCH-Java-Jr-Java Jr Dev Test-grades,0.4,0.4638
123,BNCH-Java-Jr-Java Jr Dev Test-grades,0.28,0.1848
124,BNCH-Java-Jr-Java Jr Dev Test-grades,0.16,0.2077
125,BNCH-Java-Jr-Java Jr Dev Test-grades,0,0
126,BNCH-Java-Jr-Java Jr Dev Test-grades,0.36,0.25
127,BNCH-Java-Jr-Java Jr Dev Test-grades,0.44,0.3188
128,BNCH-Java-Jr-Java Jr Dev Test-grades,0.64,0.5737
129,BNCH-Java-Jr-Java Jr Dev Test-grades,0.12,0.1582
130,BNCH-Java-Jr-Java Jr Dev Test-grades,0.2,0.1582
131,BNCH-Java-Jr-Java Jr Dev Test-grades,0.52,0.3853
132,BNCH-Java-Jr-Java Jr Dev Test-grades,0.16,0.1196
133,BNCH-Java-Jr-Java Jr Dev Test-grades,0.4,0.4167
134,BNCH-Java-Jr-Java Jr Dev Test-grades,0.64,0.5145
135,BNCH-Java-Jr-Java Jr Dev Test-grades,0.36,0.2754
136,BNCH-Java-Jr-Java Jr Dev Test-grades,0,0
137,BNCH-Java-Jr-Java Jr Dev Test-grades,0.36,0.4022
138,BNCH-Java-Jr-Java Jr Dev Test-grades,0.4,0.4457
139,BNCH-Java-Jr-Java Jr Dev Test-grades,0.6,0.6498
140,BNCH-Java-Jr-Java Jr Dev Test-grades,0.28,0.256
141,BNCH-Java-Jr-Java Jr Dev Test-grades,0.28,0.2343
142,BNCH-Java-Jr-Java Jr Dev Test-grades,0.52,0.442
143,BNCH-Java-Jr-Java Jr Dev Test-grades,0.16,0.0688
144,BNCH-Java-Jr-Java Jr Dev Test-grades,0.52,0.5157
145,BNCH-Java-Jr-Java Jr Dev Test-grades,0.36,0.2669
146,BNCH-Java-Jr-Java Jr Dev Test-grades,0,0
147,BNCH-Java-Jr-Java Jr Dev Test-grades,0.52,0.4601
148,BNCH-Java-Jr-Java Jr Dev Test-grades,0.2,0.2234
149,BNCH-Java-Jr-Java Jr Dev Test-grades,0,0
150,BNCH-Java-Jr-Java Jr Dev Test-grades,0.44,0.4384
151,BNCH-Java-Jr-Java Jr Dev Test-grades,0.56,0.5145
152,BNCH-Java-Jr-Java Jr Dev Test-grades,0.28,0.308
153,BNCH-Java-Jr-Java Jr Dev Test-grades,0.56,0.413
154,BNCH-Java-Jr-Java Jr Dev Test-grades,0.64,0.6256
155,BNCH-Java-Jr-Java Jr Dev Test-grades,0.32,0.2754
156,BNCH-Java-Jr-Java Jr Dev Test-grades,0.48,0.4046
157,BNCH-Java-Jr-Java Jr Dev Test-grades,0.28,0.3333
158,BNCH-Java-Jr-Java Jr Dev Test-grades,0.48,0.4819
159,BNCH-Java-Jr-Java Jr Dev Test-grades,0.32,0.3418
160,BNCH-Java-Jr-Java Jr Dev Test-grades,0.48,0.3756
161,BNCH-Java-Jr-Java Jr Dev Test-grades,0.2,0.1377
162,BNCH-Java-Jr-Java Jr Dev Test-grades,0.64,0.587
163,BNCH-Java-Jr-Java Jr Dev Test-grades,0.12,0.087
164,BNCH-Java-Jr-Java Jr Dev Test-grades,0.64,0.558
165,BNCH-Java-Jr-Java Jr Dev Test-grades,0.72,0.6993
166,BNCH-Java-Jr-Java Jr Dev Test-grades,0.48,0.4058
167,BNCH-Java-Jr-Java Jr Dev Test-grades,0.36,0.3587
168,BNCH-Java-Jr-Java Jr Dev Test-grades,0.64,0.6449
169,BNCH-Java-Jr-Java Jr Dev Test-grades,0.28,0.2452
170,BNCH-Java-Jr-Java Jr Dev Test-grades,0.52,0.558
171,BNCH-Java-Jr-Java Jr Dev Test-grades,0.76,0.6944
172,BNCH-Java-Jr-Java Jr Dev Test-grades,0.28,0.3176
173,BNCH-Java-Jr-Java Jr Dev Test-grades,0.6,0.5857
174,BNCH-Java-Jr-Java Jr Dev Test-grades,0.44,0.4118
175,BNCH-Java-Jr-Java Jr Dev Test-grades,0.48,0.337
176,BNCH-Java-Jr-Java Jr Dev Test-grades,0.4,0.3986
177,BNCH-Java-Jr-Java Jr Dev Test-grades,0.52,0.4614
178,BNCH-Java-Jr-Java Jr Dev Test-grades,0.28,0.1667
179,BNCH-Java-Jr-Java Jr Dev Test-grades,0.08,0.1872
180,BNCH-Java-Jr-Java Jr Dev Test-grades,0.2,0.1558
181,BNCH-Java-Jr-Java Jr Dev Test-grades,0.36,0.3913
182,BNCH-Java-Jr-Java Jr Dev Test-grades,0.2,0.1594
183,BNCH-Java-Jr-Java Jr Dev Test-grades,0.24,0.1522
184,BNCH-Java-Jr-Java Jr Dev Test-grades,0.08,0.1969
185,BNCH-Java-Jr-Java Jr Dev Test-grades,0.68,0.6111
186,BNCH-Java-Jr-Java Jr Dev Test-grades,0.52,0.5302
187,BNCH-Java-Jr-Java Jr Dev Test-grades,0.24,0.2331
188,BNCH-Java-Jr-Java Jr Dev Test-grades,0.44,0.4638
189,BNCH-Java-Jr-Java Jr Dev Test-grades,0.44,0.3297
190,BNCH-Java-Jr-Java Jr Dev Test-grades,0.6,0.5386
191,BNCH-Java-Jr-Java Jr Dev Test-grades,0.24,0.2101
192,BNCH-Java-Jr-Java Jr Dev Test-grades,0.6,0.5906
193,BNCH-Java-Jr-Java Jr Dev Test-grades,0.56,0.5435
194,BNCH-Java-Jr-Java Jr Dev Test-grades,0.48,0.3998
195,BNCH-Java-Jr-Java Jr Dev Test-grades,0.56,0.5507
196,BNCH-Java-Jr-Java Jr Dev Test-grades,0.44,0.4686
197,BNCH-Java-Jr-Java Jr Dev Test-grades,0.24,0.2645
198,BNCH-Java-Jr-Java Jr Dev Test-grades,0.48,0.4855
199,BNCH-Java-Jr-Java Jr Dev Test-grades,0.4,0.3442
200,BNCH-Java-Jr-Java Jr Dev Test-grades,0.16,0.2029
201,BNCH-Java-Jr-Java Jr Dev Test-grades,0.24,0.2307
202,BNCH-Java-Jr-Java Jr Dev Test-grades,0.36,0.2572
203,BNCH-Java-Jr-Java Jr Dev Test-grades,0.08,0.058
204,BNCH-Java-Jr-Java Jr Dev Test-grades,0.32,0.221
205,BNCH-Java-Jr-Java Jr Dev Test-grades,0.68,0.6051
206,BNCH-Java-Jr-Java Jr Dev Test-grades,0.16,0.157
207,BNCH-Java-Jr-Java Jr Dev Test-grades,0.36,0.3406
208,BNCH-Java-Jr-Java Jr Dev Test-grades,0.24,0.192
209,BNCH-Java-Jr-Java Jr Dev Test-grades,0.4,0.3623
210,BNCH-Java-Jr-Java Jr Dev Test-grades,0.6,0.5254
211,BNCH-Java-Jr-Java Jr Dev Test-grades,0.6,0.4988
212,BNCH-Java-Jr-Java Jr Dev Test-grades,0.72,0.7174
213,BNCH-Java-Jr-Java Jr Dev Test-grades,0.4,0.4058
214,BNCH-Java-Jr-Java Jr Dev Test-grades,0.16,0.1232
215,BNCH-Java-Jr-Java Jr Dev Test-grades,0.32,0.2597
216,BNCH-Java-Jr-Java Jr Dev Test-grades,0.6,0.6147
217,BNCH-Java-Jr-Java Jr Dev Test-grades,0.48,0.4082
218,BNCH-Java-Jr-Java Jr Dev Test-grades,0.36,0.3092
219,BNCH-Java-Jr-Java Jr Dev Test-grades,0.12,0.128
220,BNCH-Java-Jr-Java Jr Dev Test-grades,0.16,0.0761
221,BNCH-Java-Jr-Java Jr Dev Test-grades,0.44,0.3684
222,BNCH-Java-Jr-Java Jr Dev Test-grades,0.4,0.3986
223,BNCH-Java-Jr-Java Jr Dev Test-grades,0.28,0.2693
224,BNCH-Java-Jr-Java Jr Dev Test-grades,0.64,0.5616
225,BNCH-Java-Jr-Java Jr Dev Test-grades,0.44,0.3249
226,BNCH-Java-Jr-Java Jr Dev Test-grades,0.2,0.1268
227,BNCH-Java-Jr-Java Jr Dev Test-grades,0.44,0.5217
228,BNCH-Java-Jr-Java Jr Dev Test-grades,0.48,0.4867
229,BNCH-Java-Jr-Java Jr Dev Test-grades,0.4,0.3454
230,BNCH-Java-Jr-Java Jr Dev Test-grades,0.56,0.5495
231,BNCH-Java-Jr-Java Jr Dev Test-grades,0.6,0.5845
232,BNCH-Java-Jr-Java Jr Dev Test-grades,0.32,0.3188
233,BNCH-Java-Jr-Java Jr Dev Test-grades,0.64,0.5664
234,BNCH-Java-Jr-Java Jr Dev Test-grades,0.24,0.2548
235,BNCH-Java-Jr-Java Jr Dev Test-grades,0.56,0.5797
236,BNCH-Java-Jr-Java Jr Dev Test-grades,0.52,0.4964
237,BNCH-Java-Jr-Java Jr Dev Test-grades,0.6,0.5761
238,BNCH-Java-Jr-Java Jr Dev Test-grades,0.32,0.2536
239,BNCH-Java-Jr-Java Jr Dev Test-grades,0.32,0.308
240,BNCH-Java-Jr-Java Jr Dev Test-grades,0.56,0.4589
241,BNCH-Java-Jr-Java Jr Dev Test-grades,0.08,0.0761
242,BNCH-Java-Jr-Java Jr Dev Test-grades,0.52,0.5109
243,BNCH-Java-Jr-Java Jr Dev Test-grades,0.28,0.2935
244,BNCH-Java-Jr-Java Jr Dev Test-grades,0.56,0.5193
245,BNCH-Java-Jr-Java Jr Dev Test-grades,0.44,0.4312
246,BNCH-Java-Jr-Java Jr Dev Test-grades,0.36,0.3611
247,BNCH-Java-Jr-Java Jr Dev Test-grades,0.28,0.2935
248,BNCH-Java-Jr-Java Jr Dev Test-grades,0.68,0.657
249,BNCH-Java-Jr-Java Jr Dev Test-grades,0.44,0.4118
250,BNCH-Java-Jr-Java Jr Dev Test-grades,0.24,0.1775
251,BNCH-Java-Jr-Java Jr Dev Test-grades,0.52,0.5217
252,BNCH-Java-Jr-Java Jr Dev Test-grades,0.44,0.4239
253,BNCH-Java-Jr-Java Jr Dev Test-grades,0.68,0.6123
254,BNCH-Java-Jr-Java Jr Dev Test-grades,0.52,0.3611
255,BNCH-Java-Jr-Java Jr Dev Test-grades,0.44,0.3188
256,BNCH-Java-Jr-Java Jr Dev Test-grades,0.44,0.4058
257,BNCH-Java-Jr-Java Jr Dev Test-grades,0.52,0.4094
258,BNCH-Java-Jr-Java Jr Dev Test-grades,0.32,0.2645
259,BNCH-Java-Jr-Java Jr Dev Test-grades,0.52,0.3973
260,BNCH-Java-Jr-Java Jr Dev Test-grades,0.56,0.4928
261,BNCH-Java-Jr-Java Jr Dev Test-grades,0.4,0.4444
262,BNCH-Java-Jr-Java Jr Dev Test-grades,0.12,0.1413
263,BNCH-Java-Jr-Java Jr Dev Test-grades,0.36,0.2959
264,BNCH-Java-Jr-Java Jr Dev Test-grades,0.36,0.4046
265,BNCH-Java-Jr-Java Jr Dev Test-grades,0.64,0.6002
266,BNCH-Java-Jr-Java Jr Dev Test-grades,0.4,0.3986
267,BNCH-Java-Jr-Java Jr Dev Test-grades,0.16,0.1159
268,BNCH-Java-Jr-Java Jr Dev Test-grades,0.36,0.2983
269,BNCH-Java-Jr-Java Jr Dev Test-grades,0.2,0.2271
270,BNCH-Java-Jr-Java Jr Dev Test-grades,0.52,0.3816
271,BNCH-Java-Jr-Java Jr Dev Test-grades,0.56,0.5314
272,BNCH-Java-Jr-Java Jr Dev Test-grades,0.72,0.628
273,BNCH-Java-Jr-Java Jr Dev Test-grades,0.12,0.25
274,BNCH-Java-Jr-Java Jr Dev Test-grades,0.88,0.7838
275,BNCH-Java-Jr-Java Jr Dev Test-grades,0.64,0.5242
276,BNCH-Java-Jr-Java Jr Dev Test-grades,0.6,0.5399
277,BNCH-Java-Jr-Java Jr Dev Test-grades,0.44,0.4553
278,BNCH-Java-Jr-Java Jr Dev Test-grades,0.4,0.4058
279,BNCH-Java-Jr-Java Jr Dev Test-grades,0.28,0.2428
280,BNCH-Java-Jr-Java Jr Dev Test-grades,0.68,0.5906
281,BNCH-Java-Jr-Java Jr Dev Test-grades,0.76,0.6558
282,BNCH-Java-Jr-Java Jr Dev Test-grades,0.4,0.3406
283,BNCH-Java-Jr-Java Jr Dev Test-grades,0.28,0.1884
284,BNCH-Java-Jr-Java Jr Dev Test-grades,0.36,0.3418
285,BNCH-Java-Jr-Java Jr Dev Test-grades,0.6,0.5749
286,BNCH-Java-Jr-Java Jr Dev Test-grades,0.36,0.3756
287,BNCH-Java-Jr-Java Jr Dev Test-grades,0.24,0.2742
288,BNCH-Java-Jr-Java Jr Dev Test-grades,0.28,0.2862
289,BNCH-Java-Jr-Java Jr Dev Test-grades,0.36,0.3684
290,BNCH-Java-Jr-Java Jr Dev Test-grades,0.32,0.2307
291,BNCH-Java-Jr-Java Jr Dev Test-grades,0.36,0.3188
292,BNCH-Java-Jr-Java Jr Dev Test-grades,0.2,0.2391
293,BNCH-Java-Jr-Java Jr Dev Test-grades,0.56,0.4348
294,BNCH-Java-Jr-Java Jr Dev Test-grades,0.44,0.3333
295,BNCH-Java-Jr-Java Jr Dev Test-grades,0.56,0.5592
296,BNCH-Java-Jr-Java Jr Dev Test-grades,0.28,0.3249
297,BNCH-Java-Jr-Java Jr Dev Test-grades,0.52,0.506
298,BNCH-Java-Jr-Java Jr Dev Test-grades,0.24,0.2319
299,BNCH-Java-Jr-Java Jr Dev Test-grades,0.12,0.2029
300,BNCH-Java-Jr-Java Jr Dev Test-grades,0.2,0.1002
301,BNCH-Java-Jr-Java Jr Dev Test-grades,0.28,0.2053
302,BNCH-Java-Jr-Java Jr Dev Test-grades,0.76,0.6618
303,BNCH-Java-Jr-Java Jr Dev Test-grades,0.2,0.25
304,BNCH-Java-Jr-Java Jr Dev Test-grades,0.32,0.2681
305,BNCH-Java-Jr-Java Jr Dev Test-grades,0.36,0.3406
306,BNCH-Java-Jr-Java Jr Dev Test-grades,0.56,0.5399
307,BNCH-Java-Jr-Java Jr Dev Test-grades,0.44,0.3877
308,BNCH-Java-Jr-Java Jr Dev Test-grades,0.36,0.3261
309,BNCH-Java-Jr-Java Jr Dev Test-grades,0.24,0.1787
310,BNCH-Java-Jr-Java Jr Dev Test-grades,0.12,0.1848
311,BNCH-Java-Jr-Java Jr Dev Test-grades,0.24,0.2053
312,BNCH-Java-Jr-Java Jr Dev Test-grades,0.44,0.4444
313,BNCH-Java-Jr-Java Jr Dev Test-grades,0.52,0.3949
314,BNCH-Java-Jr-Java Jr Dev Test-grades,0.56,0.5616
315,BNCH-Java-Jr-Java Jr Dev Test-grades,0.52,0.4094
316,BNCH-Java-Jr-Java Jr Dev Test-grades,0.8,0.6534
317,BNCH-Java-Jr-Java Jr Dev Test-grades,0.6,0.5688
318,BNCH-Java-Jr-Java Jr Dev Test-grades,0.32,0.3382
319,BNCH-Java-Jr-Java Jr Dev Test-grades,0.36,0.3152
320,BNCH-Java-Jr-Java Jr Dev Test-grades,0.72,0.6751
321,BNCH-Java-Jr-Java Jr Dev Test-grades,0.48,0.3877
322,BNCH-Java-Jr-Java Jr Dev Test-grades,0.56,0.5133
323,BNCH-Java-Jr-Java Jr Dev Test-grades,0.4,0.2911
324,BNCH-Java-Jr-Java Jr Dev Test-grades,0.16,0.0882
325,BNCH-Java-Jr-Java Jr Dev Test-grades,0.64,0.6522
326,BNCH-Java-Jr-Java Jr Dev Test-grades,0.68,0.6232
327,BNCH-Java-Jr-Java Jr Dev Test-grades,0.56,0.4674
328,BNCH-Java-Jr-Java Jr Dev Test-grades,0.44,0.3768
329,BNCH-Java-Jr-Java Jr Dev Test-grades,0.4,0.3623
330,BNCH-Java-Jr-Java Jr Dev Test-grades,0.44,0.4553
331,BNCH-Java-Jr-Java Jr Dev Test-grades,0.56,0.4493
332,BNCH-Java-Jr-Java Jr Dev Test-grades,0.36,0.308
333,BNCH-Java-Jr-Java Jr Dev Test-grades,0.24,0.1449
334,BNCH-Java-Jr-Java Jr Dev Test-grades,0.44,0.3249
335,BNCH-Java-Jr-Java Jr Dev Test-grades,0.32,0.3007
336,BNCH-Java-Jr-Java Jr Dev Test-grades,0.2,0.2101
337,BNCH-Java-Jr-Java Jr Dev Test-grades,0.28,0.2536
338,BNCH-Java-Jr-Java Jr Dev Test-grades,0.4,0.3925
339,BNCH-Java-Jr-Java Jr Dev Test-grades,0.4,0.3877
340,BNCH-Java-Jr-Java Jr Dev Test-grades,0.56,0.5254
341,BNCH-Java-Jr-Java Jr Dev Test-grades,0.4,0.3297
342,BNCH-Java-Jr-Java Jr Dev Test-grades,0,0
343,BNCH-Java-Jr-Java Jr Dev Test-grades,0,0
344,BNCH-Java-Jr-Java Jr Dev Test-grades,0.44,0.3937
345,BNCH-Java-Jr-Java Jr Dev Test-grades,0.2,0.1981
346,BNCH-Java-Jr-Java Jr Dev Test-grades,0.4,0.407
347,BNCH-Java-Jr-Java Jr Dev Test-grades,0.24,0.1316
348,BNCH-Java-Jr-Java Jr Dev Test-grades,0.36,0.2911
349,BNCH-Java-Jr-Java Jr Dev Test-grades,0.48,0.4143
350,BNCH-Java-Jr-Java Jr Dev Test-grades,0.44,0.3949
351,BNCH-Java-Jr-Java Jr Dev Test-grades,0.2,0.215
352,BNCH-Java-Jr-Java Jr Dev Test-grades,0.64,0.5797
353,BNCH-Java-Jr-Java Jr Dev Test-grades,0.36,0.3285
354,BNCH-Java-Jr-Java Jr Dev Test-grades,0.36,0.3345
355,BNCH-Java-Jr-Java Jr Dev Test-grades,0.28,0.2258
356,BNCH-Java-Jr-Java Jr Dev Test-grades,0.52,0.5
357,BNCH-Java-Jr-Java Jr Dev Test-grades,0.76,0.6667
358,BNCH-Java-Jr-Java Jr Dev Test-grades,0.72,0.6594
359,BNCH-Java-Jr-Java Jr Dev Test-grades,0.8,0.6582
360,BNCH-Java-Jr-Java Jr Dev Test-grades,0.52,0.5713
361,BNCH-Java-Jr-Java Jr Dev Test-grades,0.44,0.4746
362,BNCH-Java-Jr-Java Jr Dev Test-grades,0.72,0.6365
363,BNCH-Java-Jr-Java Jr Dev Test-grades,0.64,0.6111
364,BNCH-Java-Jr-Java Jr Dev Test-grades,0.56,0.535
365,BNCH-Java-Jr-Java Jr Dev Test-grades,0.76,0.6739
366,BNCH-Java-Jr-Java Jr Dev Test-grades,0.8,0.7935
367,BNCH-Java-Jr-Java Jr Dev Test-grades,0.44,0.4239
368,BNCH-Java-Jr-Java Jr Dev Test-grades,0.64,0.5072
369,BNCH-Java-Jr-Java Jr Dev Test-grades,0.56,0.5797
370,BNCH-Java-Jr-Java Jr Dev Test-grades,0.36,0.3478
371,BNCH-Java-Jr-Java Jr Dev Test-grades,0.68,0.587
372,BNCH-Java-Jr-Java Jr Dev Test-grades,0.68,0.6425
373,BNCH-Java-Jr-Java Jr Dev Test-grades,0.52,0.5616
374,BNCH-Java-Jr-Java Jr Dev Test-grades,0.72,0.6401
375,BNCH-Java-Jr-Java Jr Dev Test-grades,0.6,0.5652
376,BNCH-Java-Jr-Java Jr Dev Test-grades,0.52,0.5362
377,BNCH-Java-Jr-Java Jr Dev Test-grades,0.6,0.5906
378,BNCH-Java-Jr-Java Jr Dev Test-grades,0.72,0.622
379,BNCH-Java-Jr-Java Jr Dev Test-grades,0.48,0.5036
380,BNCH-Java-Jr-Java Jr Dev Test-grades,0.72,0.6582
381,BNCH-Java-Jr-Java Jr Dev Test-grades,0.64,0.5411
382,BNCH-Java-Jr-Java Jr Dev Test-grades,0.6,0.5133
383,BNCH-Java-Jr-Java Jr Dev Test-grades,0.04,0.0725
384,BNCH-Java-Jr-Java Jr Dev Test-grades,0.6,0.5459
385,BNCH-Java-Jr-Java Jr Dev Test-grades,0.6,0.6232
386,BNCH-Java-Jr-Java Jr Dev Test-grades,0.52,0.5217
387,BNCH-Java-Jr-Java Jr Dev Test-grades,0.84,0.7995
388,BNCH-Java-Jr-Java Jr Dev Test-grades,0.56,0.5266
389,BNCH-Java-Jr-Java Jr Dev Test-grades,0.36,0.3901
390,BNCH-Java-Jr-Java Jr Dev Test-grades,0.72,0.6739
391,BNCH-Java-Jr-Java Jr Dev Test-grades,0.56,0.5966
392,BNCH-Java-Jr-Java Jr Dev Test-grades,0.72,0.7174
393,BNCH-Java-Jr-Java Jr Dev Test-grades,0.56,0.5471
394,BNCH-Java-Jr-Java Jr Dev Test-grades,0.44,0.3406
395,BNCH-Java-Jr-Java Jr Dev Test-grades,0.6,0.5471
396,BNCH-Java-Jr-Java Jr Dev Test-grades,0.68,0.6522
397,BNCH-Java-Jr-Java Jr Dev Test-grades,0.56,0.5181
398,BNCH-Java-Jr-Java Jr Dev Test-grades,0.72,0.6836
399,BNCH-Java-Jr-Java Jr Dev Test-grades,0.6,0.5362
400,BNCH-Java-Jr-Java Jr Dev Test-grades,0.8,0.814
401,BNCH-Java-Jr-Java Jr Dev Test-grades,0.72,0.75
402,BNCH-Java-Jr-Java Jr Dev Test-grades,0.88,0.8031
403,BNCH-Java-Jr-Java Jr Dev Test-grades,0.56,0.4855
404,BNCH-Java-Jr-Java Jr Dev Test-grades,0.6,0.6425
405,BNCH-Java-Jr-Java Jr Dev Test-grades,0.2,0.215
406,BNCH-Java-Jr-Java Jr Dev Test-grades,0.64,0.5374
407,BNCH-Java-Jr-Java Jr Dev Test-grades,0.64,0.6099
408,BNCH-Java-Jr-Java Jr Dev Test-grades,0.68,0.564
409,BNCH-Java-Jr-Java Jr Dev Test-grades,0.76,0.7464
410,BNCH-Java-Jr-Java Jr Dev Test-grades,0.76,0.6377
411,BNCH-Java-Jr-Java Jr Dev Test-grades,0.8,0.6389
412,BNCH-Java-Jr-Java Jr Dev Test-grades,0.44,0.4203
413,BNCH-Java-Jr-Java Jr Dev Test-grades,0.44,0.558
414,BNCH-Java-Jr-Java Jr Dev Test-grades,0.36,0.3901
415,BNCH-Java-Jr-Java Jr Dev Test-grades,0.28,0.2633
416,BNCH-Java-Jr-Java Jr Dev Test-grades,0.6,0.5507
417,BNCH-Java-Jr-Java Jr Dev Test-grades,0.64,0.6365
418,BNCH-Java-Jr-Java Jr Dev Test-grades,0.52,0.5725
419,BNCH-Java-Jr-Java Jr Dev Test-grades,0.04,0.0435
420,BNCH-Java-Jr-Java Jr Dev Test-grades,0.64,0.5749
421,BNCH-Java-Jr-Java Jr Dev Test-grades,0.68,0.5906
422,BNCH-Java-Jr-Java Jr Dev Test-grades,0.4,0.3454
423,BNCH-Java-Jr-Java Jr Dev Test-grades,0.24,0.1715
424,BNCH-Java-Jr-Java Jr Dev Test-grades,0.6,0.5362
425,BNCH-Java-Jr-Java Jr Dev Test-grades,0.44,0.3829
426,BNCH-Java-Jr-Java Jr Dev Test-grades,0.84,0.8007
427,BNCH-Java-Jr-Java Jr Dev Test-grades,0.68,0.6667
428,BNCH-Java-Jr-Java Jr Dev Test-grades,0.64,0.6087
429,BNCH-Java-Jr-Java Jr Dev Test-grades,0.56,0.5737
430,BNCH-Java-Jr-Java Jr Dev Test-grades,0.4,0.2391
431,BNCH-Java-Jr-Java Jr Dev Test-grades,0.68,0.6087
432,BNCH-Java-Jr-Java Jr Dev Test-grades,0.76,0.6836
433,BNCH-Java-Jr-Java Jr Dev Test-grades,0.68,0.5954
434,BNCH-Java-Jr-Java Jr Dev Test-grades,0.44,0.3007
435,BNCH-Java-Jr-Java Jr Dev Test-grades,0.12,0.07
436,BNCH-Java-Jr-Java Jr Dev Test-grades,0.6,0.6316
437,BNCH-Java-Jr-Java Jr Dev Test-grades,0.36,0.3949
438,BNCH-Java-Jr-Java Jr Dev Test-grades,0,0.0072
439,BNCH-Java-Jr-Java Jr Dev Test-grades,0.32,0.2778
440,BNCH-Java-Jr-Java Jr Dev Test-grades,0.24,0.1739
441,BNCH-Java-Jr-Java Jr Dev Test-grades,0.44,0.3949
442,BNCH-Java-Jr-Java Jr Dev Test-grades,0.16,0.0519
443,BNCH-Java-Jr-Java Jr Dev Test-grades,0.56,0.5157
444,BNCH-Java-Jr-Java Jr Dev Test-grades,0.32,0.2585
445,BNCH-Java-Jr-Java Jr Dev Test-grades,0,0.0024
446,BNCH-Java-Jr-Java Jr Dev Test-grades,0.72,0.6703
447,BNCH-Java-Jr-Java Jr Dev Test-grades,0.44,0.4457
448,BNCH-Java-Jr-Java Jr Dev Test-grades,0.44,0.3816
449,BNCH-Java-Jr-Java Jr Dev Test-grades,0.44,0.4783
450,BNCH-Java-Jr-Java Jr Dev Test-grades,0.04,0.0036
451,BNCH-Java-Jr-Java Jr Dev Test-grades,0.4,0.3478
452,BNCH-Java-Jr-Java Jr Dev Test-grades,0.44,0.4964
453,BNCH-Java-Jr-Java Jr Dev Test-grades,0.36,0.2041
454,BNCH-Java-Jr-Java Jr Dev Test-grades,0.76,0.6425
455,BNCH-Java-Jr-Java Jr Dev Test-grades,0.68,0.5254
456,BNCH-Java-Jr-Java Jr Dev Test-grades,0.2,0.1812
457,BNCH-Java-Jr-Java Jr Dev Test-grades,0.4,0.3478
458,BNCH-Java-Jr-Java Jr Dev Test-grades,0,0
459,BNCH-Java-Jr-Java Jr Dev Test-grades,0.6,0.5676
460,BNCH-Java-Jr-Java Jr Dev Test-grades,0.12,0.2415
461,BNCH-Java-Jr-Java Jr Dev Test-grades,0.52,0.3841
462,BNCH-Java-Jr-Java Jr Dev Test-grades,0.32,0.3043
463,BNCH-Java-Jr-Java Jr Dev Test-grades,0.64,0.6425
464,BNCH-Java-Jr-Java Jr Dev Test-grades,0.72,0.6184
465,BNCH-Java-Jr-Java Jr Dev Test-grades,0.64,0.5761
466,BNCH-Java-Jr-Java Jr Dev Test-grades,0.04,0.0145
467,BNCH-Java-Jr-Java Jr Dev Test-grades,0.2,0.1449
468,BNCH-Java-Jr-Java Jr Dev Test-grades,0.2,0.2222
469,BNCH-Java-Jr-Java Jr Dev Test-grades,0.64,0.5483
470,BNCH-Java-Jr-Java Jr Dev Test-grades,0.2,0.2512
471,BNCH-Java-Jr-Java Jr Dev Test-grades,0.32,0.2645
472,BNCH-Java-Jr-Java Jr Dev Test-grades,0.8,0.7367
473,BNCH-Java-Jr-Java Jr Dev Test-grades,0.28,0.2826
474,BNCH-Java-Jr-Java Jr Dev Test-grades,0.52,0.4179
475,BNCH-Java-Jr-Java Jr Dev Test-grades,0.2,0.2017
476,BNCH-Java-Jr-Java Jr Dev Test-grades,0.16,0.1401
477,BNCH-Java-Jr-Java Jr Dev Test-grades,0.2,0.1594
478,BNCH-Java-Jr-Java Jr Dev Test-grades,0.64,0.7077
479,BNCH-Java-Jr-Java Jr Dev Test-grades,0.84,0.7089
480,BNCH-Java-Jr-Java Jr Dev Test-grades,0.56,0.5797
481,BNCH-Java-Jr-Java Jr Dev Test-grades,0.48,0.4239
482,BNCH-Java-Jr-Java Jr Dev Test-grades,0.56,0.4783
483,BNCH-Java-Jr-Java Jr Dev Test-grades,0.68,0.6606
484,BNCH-Java-Jr-Java Jr Dev Test-grades,0.88,0.8188
485,BNCH-Java-Jr-Java Jr Dev Test-grades,0.64,0.5785
486,BNCH-Java-Jr-Java Jr Dev Test-grades,0.4,0.3611
487,BNCH-Java-Jr-Java Jr Dev Test-grades,0.2,0.1486
488,BNCH-Java-Jr-Java Jr Dev Test-grades,0.16,0.1316
489,BNCH-Java-Jr-Java Jr Dev Test-grades,0.48,0.5181
490,BNCH-Java-Jr-Java Jr Dev Test-grades,0.28,0.2415
491,BNCH-Java-Jr-Java Jr Dev Test-grades,0.24,0.2488
492,BNCH-Java-Jr-Java Jr Dev Test-grades,0.48,0.5423
493,BNCH-Java-Jr-Java Jr Dev Test-grades,0.32,0.2911
494,BNCH-Java-Jr-Java Jr Dev Test-grades,0,0
495,BNCH-Java-Jr-Java Jr Dev Test-grades,0.16,0.0906
496,BNCH-Java-Jr-Java Jr Dev Test-grades,0.32,0.3297
497,BNCH-Java-Jr-Java Jr Dev Test-grades,0.28,0.3563
498,BNCH-Java-Jr-Java Jr Dev Test-grades,0.48,0.4565
499,BNCH-Java-Jr-Java Jr Dev Test-grades,0.08,0.1449
500,BNCH-Java-Jr-Java Jr Dev Test-grades,0.32,0.3007
501,BNCH-Java-Jr-Java Jr Dev Test-grades,0.64,0.6123
502,BNCH-Java-Jr-Java Jr Dev Test-grades,0.64,0.6063
503,BNCH-Java-Jr-Java Jr Dev Test-grades,0.52,0.6341
504,BNCH-Java-Jr-Java Jr Dev Test-grades,0.32,0.3647
505,BNCH-Java-Jr-Java Jr Dev Test-grades,0.68,0.6111
506,BNCH-Java-Jr-Java Jr Dev Test-grades,0.4,0.3007
507,BNCH-Java-Jr-Java Jr Dev Test-grades,0.4,0.4601
508,BNCH-Java-Jr-Java Jr Dev Test-grades,0.64,0.5374
509,BNCH-Java-Jr-Java Jr Dev Test-grades,0.68,0.6196
510,BNCH-Java-Jr-Java Jr Dev Test-grades,0.56,0.5157
511,BNCH-Java-Jr-Java Jr Dev Test-grades,0.44,0.4529
512,BNCH-Java-Jr-Java Jr Dev Test-grades,0.2,0.2464
513,BNCH-Java-Jr-Java Jr Dev Test-grades,0.52,0.5181
514,BNCH-Java-Jr-Java Jr Dev Test-grades,0.56,0.529
515,BNCH-Java-Jr-Java Jr Dev Test-grades,0.24,0.2053
516,BNCH-Java-Jr-Java Jr Dev Test-grades,0.4,0.349
517,BNCH-Java-Jr-Java Jr Dev Test-grades,0.32,0.3152
518,BNCH-Java-Jr-Java Jr Dev Test-grades,0.64,0.5664
519,BNCH-Java-Jr-Java Jr Dev Test-grades,0.2,0.1123
520,BNCH-Java-Jr-Java Jr Dev Test-grades,0.52,0.6039
521,BNCH-Java-Jr-Java Jr Dev Test-grades,0.68,0.6449
522,BNCH-Java-Jr-Java Jr Dev Test-grades,0.56,0.5568
523,BNCH-Java-Jr-Java Jr Dev Test-grades,0.44,0.4601
524,BNCH-Java-Jr-Java Jr Dev Test-grades,0.28,0.2101
525,BNCH-Java-Jr-Java Jr Dev Test-grades,0.76,0.6727
526,BNCH-Java-Jr-Java Jr Dev Test-grades,0.4,0.3478
527,BNCH-Java-Jr-Java Jr Dev Test-grades,0.68,0.6196
528,BNCH-Java-Jr-Java Jr Dev Test-grades,0.72,0.6703
529,BNCH-Java-Jr-Java Jr Dev Test-grades,0.56,0.5688
530,BNCH-Java-Jr-Java Jr Dev Test-grades,0.36,0.4396
531,BNCH-Java-Jr-Java Jr Dev Test-grades,0.8,0.7681
532,BNCH-Java-Jr-Java Jr Dev Test-grades,0.52,0.5857
533,BNCH-Java-Jr-Java Jr Dev Test-grades,0.44,0.3623
534,BNCH-Java-Jr-Java Jr Dev Test-grades,0.6,0.5072
535,BNCH-Java-Jr-Java Jr Dev Test-grades,0.44,0.43
536,BNCH-Java-Jr-Java Jr Dev Test-grades,0.56,0.5725
537,BNCH-Java-Jr-Java Jr Dev Test-grades,0.32,0.337
538,BNCH-Java-Jr-Java Jr Dev Test-grades,0.4,0.4034
539,BNCH-Java-Jr-Java Jr Dev Test-grades,0.4,0.2826
540,BNCH-Java-Jr-Java Jr Dev Test-grades,0.16,0.1304
541,BNCH-Java-Jr-Java Jr Dev Test-grades,0.16,0.1268
542,BNCH-Java-Jr-Java Jr Dev Test-grades,0.32,0.3043
543,BNCH-Java-Jr-Java Jr Dev Test-grades,0.72,0.6884
544,BNCH-Java-Jr-Java Jr Dev Test-grades,0.24,0.3007
545,BNCH-Java-Jr-Java Jr Dev Test-grades,0.56,0.5749
546,BNCH-Java-Jr-Java Jr Dev Test-grades,0,0
547,BNCH-Java-Jr-Java Jr Dev Test-grades,0.48,0.3841
548,BNCH-Java-Jr-Java Jr Dev Test-grades,0.2,0.2307
549,BNCH-Java-Jr-Java Jr Dev Test-grades,0.08,0.0604
550,BNCH-Java-Jr-Java Jr Dev Test-grades,0.52,0.5821
551,BNCH-Java-Jr-Java Jr Dev Test-grades,0.16,0.1377
552,BNCH-Java-Jr-Java Jr Dev Test-grades,0.36,0.3056
553,BNCH-Java-Jr-Java Jr Dev Test-grades,0.56,0.5483
554,BNCH-Java-Jr-Java Jr Dev Test-grades,0.68,0.6329
555,BNCH-Java-Jr-Java Jr Dev Test-grades,0.4,0.4565
556,BNCH-Java-Jr-Java Jr Dev Test-grades,0.12,0.1787
557,BNCH-Java-Jr-Java Jr Dev Test-grades,0.48,0.3986
558,BNCH-Java-Jr-Java Jr Dev Test-grades,0.4,0.378
559,BNCH-Java-Jr-Java Jr Dev Test-grades,0.44,0.337
560,BNCH-Java-Jr-Java Jr Dev Test-grades,0.72,0.7162
561,BNCH-Java-Jr-Java Jr Dev Test-grades,0.64,0.6159
562,BNCH-Java-Jr-Java Jr Dev Test-grades,0.6,0.5338
563,BNCH-Java-Jr-Java Jr Dev Test-grades,0.12,0.1184
564,BNCH-Java-Jr-Java Jr Dev Test-grades,0.6,0.57
565,BNCH-Java-Jr-Java Jr Dev Test-grades,0.24,0.1703
566,BNCH-Java-Jr-Java Jr Dev Test-grades,0.44,0.3865
567,BNCH-Java-Jr-Java Jr Dev Test-grades,0.8,0.6111
568,BNCH-Java-Jr-Java Jr Dev Test-grades,0.28,0.2488
569,BNCH-Java-Jr-Java Jr Dev Test-grades,0,0.0072
570,BNCH-Java-Jr-Java Jr Dev Test-grades,0.2,0.2766
571,BNCH-Java-Jr-Java Jr Dev Test-grades,0,0
572,BNCH-Java-Jr-Java Jr Dev Test-grades,0.2,0.1775
573,BNCH-Java-Jr-Java Jr Dev Test-grades,0.32,0.2754
574,BNCH-Java-Jr-Java Jr Dev Test-grades,0.24,0.1812
575,BNCH-Java-Jr-Java Jr Dev Test-grades,0.24,0.1486
576,BNCH-Java-Jr-Java Jr Dev Test-grades,0.32,0.3188
577,BNCH-Java-Jr-Java Jr Dev Test-grades,0.2,0.2295
578,BNCH-Java-Jr-Java Jr Dev Test-grades,0.36,0.3043
579,BNCH-Java-Jr-Java Jr Dev Test-grades,0.24,0.3587
580,BNCH-Java-Jr-Java Jr Dev Test-grades,0.48,0.3285
581,BNCH-Java-Jr-Java Jr Dev Test-grades,0.76,0.6546
582,BNCH-Java-Jr-Java Jr Dev Test-grades,0.16,0.1522
583,BNCH-Java-Jr-Java Jr Dev Test-grades,0.68,0.628
584,BNCH-Java-Jr-Java Jr Dev Test-grades,0.8,0.7101
585,BNCH-Java-Jr-Java Jr Dev Test-grades,0.76,0.7114
586,BNCH-Java-Jr-Java Jr Dev Test-grades,0.4,0.3225
587,BNCH-Java-Jr-Java Jr Dev Test-grades,0.24,0.1763
588,BNCH-Java-Jr-Java Jr Dev Test-grades,0.44,0.4481
589,BNCH-Java-Jr-Java Jr Dev Test-grades,0,0
590,BNCH-Java-Jr-Java Jr Dev Test-grades,0.64,0.5761
591,BNCH-Java-Jr-Java Jr Dev Test-grades,0.44,0.4094
592,BNCH-Java-Jr-Java Jr Dev Test-grades,0.44,0.5121
593,BNCH-Java-Jr-Java Jr Dev Test-grades,0,0
594,BNCH-Java-Jr-Java Jr Dev Test-grades,0.28,0.2186
595,BNCH-Java-Jr-Java Jr Dev Test-grades,0.48,0.4928
596,BNCH-Java-Jr-Java Jr Dev Test-grades,0.68,0.622
597,BNCH-Java-Jr-Java Jr Dev Test-grades,0.52,0.3804
598,BNCH-Java-Jr-Java Jr Dev Test-grades,0.16,0.1812
599,BNCH-Java-Jr-Java Jr Dev Test-grades,0.28,0.3225
600,BNCH-Java-Jr-Java Jr Dev Test-grades,0.44,0.3261
601,BNCH-Java-Jr-Java Jr Dev Test-grades,0.84,0.7101
602,BNCH-Java-Jr-Java Jr Dev Test-grades,0.48,0.3937
603,BNCH-Java-Jr-Java Jr Dev Test-grades,0.4,0.3913
604,BNCH-Java-Jr-Java Jr Dev Test-grades,0.24,0.2029
605,BNCH-Java-Jr-Java Jr Dev Test-grades,0.44,0.3792
606,BNCH-Java-Jr-Java Jr Dev Test-grades,0.52,0.5616
607,BNCH-Java-Jr-Java Jr Dev Test-grades,0.52,0.4082
608,BNCH-Java-Jr-Java Jr Dev Test-grades,0.28,0.2814
609,BNCH-Java-Jr-Java Jr Dev Test-grades,0.32,0.2899
610,BNCH-Java-Jr-Java Jr Dev Test-grades,0.52,0.4287
611,BNCH-Java-Jr-Java Jr Dev Test-grades,0.64,0.6135
612,BNCH-Java-Jr-Java Jr Dev Test-grades,0.76,0.6908
613,BNCH-Java-Jr-Java Jr Dev Test-grades,0.52,0.5447
614,BNCH-Java-Jr-Java Jr Dev Test-grades,0.4,0.4227
615,BNCH-Java-Jr-Java Jr Dev Test-grades,0,0
616,BNCH-Java-Jr-Java Jr Dev Test-grades,0.64,0.5906
617,BNCH-Java-Jr-Java Jr Dev Test-grades,0.68,0.6679
618,BNCH-Java-Jr-Java Jr Dev Test-grades,0.68,0.6159
619,BNCH-Java-Jr-Java Jr Dev Test-grades,0.6,0.5435
620,BNCH-Java-Jr-Java Jr Dev Test-grades,0,0
621,BNCH-Java-Jr-Java Jr Dev Test-grades,0.32,0.2681
622,BNCH-Java-Jr-Java Jr Dev Test-grades,0.4,0.3225
623,BNCH-Java-Jr-Java Jr Dev Test-grades,0.48,0.4348
624,BNCH-Java-Jr-Java Jr Dev Test-grades,0.44,0.4215
625,BNCH-Java-Jr-Java Jr Dev Test-grades,0.44,0.3116
626,BNCH-Java-Jr-Java Jr Dev Test-grades,0.36,0.3213
627,BNCH-Java-Jr-Java Jr Dev Test-grades,0.24,0.192
628,BNCH-Java-Jr-Java Jr Dev Test-grades,0.12,0.2246
629,BNCH-Java-Jr-Java Jr Dev Test-grades,0.24,0.2246
630,BNCH-Java-Jr-Java Jr Dev Test-grades,0.16,0.1787
631,BNCH-Java-Jr-Java Jr Dev Test-grades,0.24,0.1304
632,BNCH-Java-Jr-Java Jr Dev Test-grades,0.24,0.163
633,BNCH-Java-Jr-Java Jr Dev Test-grades,0.28,0.3297
634,BNCH-Java-Jr-Java Jr Dev Test-grades,0.04,0.0229
635,BNCH-Java-Jr-Java Jr Dev Test-grades,0.04,0.058
636,BNCH-Java-Jr-Java Jr Dev Test-grades,0.16,0.1582
637,BNCH-Java-Jr-Java Jr Dev Test-grades,0.32,0.3007
638,BNCH-Java-Jr-Java Jr Dev Test-grades,0.32,0.2778
639,BNCH-Java-Jr-Java Jr Dev Test-grades,0.28,0.1957
640,BNCH-Java-Jr-Java Jr Dev Test-grades,0.12,0.1558
641,BNCH-Java-Jr-Java Jr Dev Test-grades,0.2,0.2041
642,BNCH-Java-Jr-Java Jr Dev Test-grades,0.08,0.0169
643,BNCH-Java-Jr-Java Jr Dev Test-grades,0.24,0.2669
644,BNCH-Java-Jr-Java Jr Dev Test-grades,0.28,0.2428
645,BNCH-Java-Jr-Java Jr Dev Test-grades,0.28,0.2222
646,BNCH-Java-Jr-Java Jr Dev Test-grades,0.04,0.0676
647,BNCH-Java-Jr-Java Jr Dev Test-grades,0.48,0.4674
648,BNCH-Java-Jr-Java Jr Dev Test-grades,0.24,0.1486
649,BNCH-Java-Jr-Java Jr Dev Test-grades,0.16,0.1413
650,BNCH-Java-Jr-Java Jr Dev Test-grades,0.2,0.1232
651,BNCH-Java-Jr-Java Jr Dev Test-grades,0.4,0.3213
652,BNCH-Java-Jr-Java Jr Dev Test-grades,0.2,0.2198
653,BNCH-Java-Jr-Java Jr Dev Test-grades,0.16,0.1087
654,BNCH-Java-Jr-Java Jr Dev Test-grades,0.28,0.372
655,BNCH-Java-Jr-Java Jr Dev Test-grades,0.24,0.1993
656,BNCH-Java-Jr-Java Jr Dev Test-grades,0.24,0.2524
657,BNCH-Java-Jr-Java Jr Dev Test-grades,0.12,0.1727
658,BNCH-Java-Jr-Java Jr Dev Test-grades,0.28,0.1848
659,BNCH-Java-Jr-Java Jr Dev Test-grades,0.32,0.2826
660,BNCH-Java-Jr-Java Jr Dev Test-grades,0.12,0.0942
661,BNCH-Java-Jr-Java Jr Dev Test-grades,0.2,0.2089
662,BNCH-Java-Jr-Java Jr Dev Test-grades,0.16,0.2609
663,BNCH-Java-Jr-Java Jr Dev Test-grades,0.36,0.2681
664,BNCH-Java-Jr-Java Jr Dev Test-grades,0.28,0.2754
665,BNCH-Java-Jr-Java Jr Dev Test-grades,0.2,0.1775
666,BNCH-Java-Jr-Java Jr Dev Test-grades,0.48,0.3659
667,BNCH-Java-Jr-Java Jr Dev Test-grades,0.24,0.1812
668,BNCH-Java-Jr-Java Jr Dev Test-grades,0.12,0.0773
669,BNCH-Java-Jr-Java Jr Dev Test-grades,0.68,0.6051
670,BNCH-Java-Jr-Java Jr Dev Test-grades,0.36,0.2838
671,BNCH-Java-Jr-Java Jr Dev Test-grades,0.4,0.3418
672,BNCH-Java-Jr-Java Jr Dev Test-grades,0.12,0.1667
673,BNCH-Java-Jr-Java Jr Dev Test-grades,0.32,0.3478
674,BNCH-Java-Jr-Java Jr Dev Test-grades,0.32,0.2319
675,BNCH-Java-Jr-Java Jr Dev Test-grades,0.12,0.1014
676,BNCH-Java-Jr-Java Jr Dev Test-grades,0.4,0.3804
677,BNCH-Java-Jr-Java Jr Dev Test-grades,0.36,0.3865
678,BNCH-Java-Jr-Java Jr Dev Test-grades,0.08,0.0604
679,BNCH-Java-Jr-Java Jr Dev Test-grades,0.08,0.0809
680,BNCH-Java-Jr-Java Jr Dev Test-grades,0.2,0.1123
681,BNCH-Java-Jr-Java Jr Dev Test-grades,0.04,0.0894
682,BNCH-Java-Jr-Java Jr Dev Test-grades,0.32,0.2536
683,BNCH-Java-Jr-Java Jr Dev Test-grades,0.08,0.2162
684,BNCH-Java-Jr-Java Jr Dev Test-grades,0,0
685,BNCH-Java-Jr-Java Jr Dev Test-grades,0.64,0.506
686,BNCH-Java-Jr-Java Jr Dev Test-grades,0.16,0.1546
687,BNCH-Java-Jr-Java Jr Dev Test-grades,0.44,0.3357
688,BNCH-Java-Jr-Java Jr Dev Test-grades,0,0
689,BNCH-Java-Jr-Java Jr Dev Test-grades,0.52,0.4457
690,BNCH-Java-Jr-Java Jr Dev Test-grades,0,0
691,BNCH-Java-Jr-Java Jr Dev Test-grades,0.48,0.4928
692,BNCH-Java-Jr-Java Jr Dev Test-grades,0.16,0.2101
693,BNCH-Java-Jr-Java Jr Dev Test-grades,0.32,0.2307
694,BNCH-Java-Jr-Java Jr Dev Test-grades,0.36,0.3841
695,BNCH-Java-Jr-Java Jr Dev Test-grades,0.68,0.6002
696,BNCH-Java-Jr-Java Jr Dev Test-grades,0.68,0.6739
697,BNCH-Java-Jr-Java Jr Dev Test-grades,0.68,0.6002
698,BNCH-Java-Jr-Java Jr Dev Test-grades,0.68,0.6365
699,BNCH-Java-Jr-Java Jr Dev Test-grades,0.52,0.4831
700,BNCH-Java-Jr-Java Jr Dev Test-grades,0.68,0.6546
701,BNCH-Java-Jr-Java Jr Dev Test-grades,0,0
702,BNCH-Java-Jr-Java Jr Dev Test-grades,0.76,0.6594
703,BNCH-Java-Jr-Java Jr Dev Test-grades,0.28,0.3382
704,BNCH-Java-Jr-Java Jr Dev Test-grades,0.2,0.2138
705,BNCH-Java-Jr-Java Jr Dev Test-grades,0.2,0.2029
706,BNCH-Java-Jr-Java Jr Dev Test-grades,0.56,0.471
707,BNCH-Java-Jr-Java Jr Dev Test-grades,0.2,0.1498
708,BNCH-Java-Jr-Java Jr Dev Test-grades,0.44,0.3659
709,BNCH-Java-Jr-Java Jr Dev Test-grades,0.16,0.2053
710,BNCH-Java-Jr-Java Jr Dev Test-grades,0.28,0.2114
711,BNCH-Java-Jr-Java Jr Dev Test-grades,0.36,0.2754
712,BNCH-Java-Jr-Java Jr Dev Test-grades,0.2,0.1775
713,BNCH-Java-Jr-Java Jr Dev Test-grades,0.36,0.314
714,BNCH-Java-Jr-Java Jr Dev Test-grades,0.4,0.4167
715,BNCH-Java-Jr-Java Jr Dev Test-grades,0.32,0.2186
716,BNCH-Java-Jr-Java Jr Dev Test-grades,0.48,0.4058
717,BNCH-Java-Jr-Java Jr Dev Test-grades,0.2,0.1763
718,BNCH-Java-Jr-Java Jr Dev Test-grades,0.6,0.5761
719,BNCH-Java-Jr-Java Jr Dev Test-grades,0.16,0.1775
720,BNCH-Java-Jr-Java Jr Dev Test-grades,0.28,0.2367
721,BNCH-Java-Jr-Java Jr Dev Test-grades,0.28,0.2645
722,BNCH-Java-Jr-Java Jr Dev Test-grades,0.2,0.2041
723,BNCH-Java-Jr-Java Jr Dev Test-grades,0.12,0.1594
724,BNCH-Java-Jr-Java Jr Dev Test-grades,0.24,0.2512
725,BNCH-Java-Jr-Java Jr Dev Test-grades,0.16,0.0785
726,BNCH-Java-Jr-Java Jr Dev Test-grades,0.16,0.0954
727,BNCH-Java-Jr-Java Jr Dev Test-grades,0.32,0.2295
728,BNCH-Java-Jr-Java Jr Dev Test-grades,0.4,0.2705
729,BNCH-Java-Jr-Java Jr Dev Test-grades,0.04,0.0471
730,BNCH-Java-Jr-Java Jr Dev Test-grades,0.4,0.2838
731,BNCH-Java-Jr-Java Jr Dev Test-grades,0.48,0.3961
732,BNCH-Java-Jr-Java Jr Dev Test-grades,0.28,0.2971
733,BNCH-Java-Jr-Java Jr Dev Test-grades,0.16,0.1135
734,BNCH-Java-Jr-Java Jr Dev Test-grades,0.08,0.0217
735,BNCH-Java-Jr-Java Jr Dev Test-grades,0.24,0.1703
736,BNCH-Java-Jr-Java Jr Dev Test-grades,0.32,0.2488
737,BNCH-Java-Jr-Java Jr Dev Test-grades,0.52,0.4698
738,BNCH-Java-Jr-Java Jr Dev Test-grades,0.24,0.2415
739,BNCH-Java-Jr-Java Jr Dev Test-grades,0.36,0.3478
740,BNCH-Java-Jr-Java Jr Dev Test-grades,0.44,0.3732
741,BNCH-Java-Jr-Java Jr Dev Test-grades,0.28,0.2657
742,BNCH-Java-Jr-Java Jr Dev Test-grades,0.12,0.1389
743,BNCH-Java-Jr-Java Jr Dev Test-grades,0.2,0.1884
744,BNCH-Java-Jr-Java Jr Dev Test-grades,0.24,0.2693
745,BNCH-Java-Jr-Java Jr Dev Test-grades,0.28,0.2403
746,BNCH-Java-Jr-Java Jr Dev Test-grades,0.32,0.3853
747,BNCH-Java-Jr-Java Jr Dev Test-grades,0.32,0.2609
748,BNCH-Java-Jr-Java Jr Dev Test-grades,0.24,0.2005
749,BNCH-Java-Jr-Java Jr Dev Test-grades,0.36,0.3056
750,BNCH-Java-Jr-Java Jr Dev Test-grades,0.2,0.1606
751,BNCH-Java-Jr-Java Jr Dev Test-grades,0.28,0.1981
752,BNCH-Java-Jr-Java Jr Dev Test-grades,0.36,0.2899
753,BNCH-Java-Jr-Java Jr Dev Test-grades,0.2,0.1522
754,BNCH-Java-Jr-Java Jr Dev Test-grades,0.16,0.0966
755,BNCH-Java-Jr-Java Jr Dev Test-grades,0.72,0.6606
756,BNCH-Java-Jr-Java Jr Dev Test-grades,0.32,0.3647
757,BNCH-Java-Jr-Java Jr Dev Test-grades,0.24,0.2114
758,BNCH-Java-Jr-Java Jr Dev Test-grades,0.44,0.4058
759,BNCH-Java-Jr-Java Jr Dev Test-grades,0.12,0.1353
760,BNCH-Java-Jr-Java Jr Dev Test-grades,0.24,0.1703
761,BNCH-Java-Jr-Java Jr Dev Test-grades,0.44,0.2911
762,BNCH-Java-Jr-Java Jr Dev Test-grades,0.2,0.2331
763,BNCH-Java-Jr-Java Jr Dev Test-grades,0.4,0.3321
764,BNCH-Java-Jr-Java Jr Dev Test-grades,0.36,0.3539
765,BNCH-Java-Jr-Java Jr Dev Test-grades,0.16,0.192
766,BNCH-Java-Jr-Java Jr Dev Test-grades,0.2,0.1147
767,BNCH-Java-Jr-Java Jr Dev Test-grades,0.28,0.2379
768,BNCH-Java-Jr-Java Jr Dev Test-grades,0.08,0.0688
769,BNCH-Java-Jr-Java Jr Dev Test-grades,0.2,0.1739
770,BNCH-Java-Jr-Java Jr Dev Test-grades,0.4,0.349
771,BNCH-Java-Jr-Java Jr Dev Test-grades,0.4,0.3659
772,BNCH-Java-Jr-Java Jr Dev Test-grades,0.48,0.4058
773,BNCH-Java-Jr-Java Jr Dev Test-grades,0.36,0.2899
774,BNCH-Java-Jr-Java Jr Dev Test-grades,0.24,0.1775
775,BNCH-Java-Jr-Java Jr Dev Test-grades,0.16,0.122
776,BNCH-Java-Jr-Java Jr Dev Test-grades,0.08,0.0725
777,BNCH-Java-Jr-Java Jr Dev Test-grades,0.16,0.1667
778,BNCH-Java-Jr-Java Jr Dev Test-grades,0.32,0.2295
779,BNCH-Java-Jr-Java Jr Dev Test-grades,0.24,0.2476
780,BNCH-Java-Jr-Java Jr Dev Test-grades,0.48,0.4481
781,BNCH-Java-Jr-Java Jr Dev Test-grades,0.28,0.3092
782,BNCH-Java-Jr-Java Jr Dev Test-grades,0.16,0.0821
783,BNCH-Java-Jr-Java Jr Dev Test-grades,0.2,0.1848
784,BNCH-Java-Jr-Java Jr Dev Test-grades,0.36,0.2995
785,BNCH-Java-Jr-Java Jr Dev Test-grades,0.16,0.151
786,BNCH-Java-Jr-Java Jr Dev Test-grades,0.28,0.1389
787,BNCH-Java-Jr-Java Jr Dev Test-grades,0.16,0.1099
788,BNCH-Java-Jr-Java Jr Dev Test-grades,0.32,0.2959
789,BNCH-Java-Jr-Java Jr Dev Test-grades,0.32,0.2174
790,BNCH-Java-Jr-Java Jr Dev Test-grades,0.36,0.3237
791,BNCH-Java-Jr-Java Jr Dev Test-grades,0.32,0.3213
792,BNCH-Java-Jr-Java Jr Dev Test-grades,0.24,0.1957
793,BNCH-Java-Jr-Java Jr Dev Test-grades,0.44,0.3249
794,BNCH-Java-Jr-Java Jr Dev Test-grades,0.36,0.3623
795,BNCH-Java-Jr-Java Jr Dev Test-grades,0.2,0.1643
796,BNCH-Java-Jr-Java Jr Dev Test-grades,0.28,0.2645
797,BNCH-Java-Jr-Java Jr Dev Test-grades,0.48,0.3756
798,BNCH-Java-Jr-Java Jr Dev Test-grades,0.12,0.1208
799,BNCH-Java-Jr-Java Jr Dev Test-grades,0.32,0.3104
800,BNCH-Java-Jr-Java Jr Dev Test-grades,0.52,0.4046
801,BNCH-Java-Jr-Java Jr Dev Test-grades,0.32,0.3454
802,BNCH-Java-Jr-Java Jr Dev Test-grades,0.2,0.1353
803,BNCH-Java-Jr-Java Jr Dev Test-grades,0,0
804,BNCH-Java-Jr-Java Jr Dev Test-grades,0.2,0.1594
805,BNCH-Java-Jr-Java Jr Dev Test-grades,0.2,0.1751
806,BNCH-Java-Jr-Java Jr Dev Test-grades,0.16,0.1123
807,BNCH-Java-Jr-Java Jr Dev Test-grades,0.04,0.0362
808,BNCH-Java-Jr-Java Jr Dev Test-grades,0.2,0.244
809,BNCH-Java-Jr-Java Jr Dev Test-grades,0.24,0.1667
810,BNCH-Java-Jr-Java Jr Dev Test-grades,0.24,0.163
811,BNCH-Java-Jr-Java Jr Dev Test-grades,0.2,0.1232
812,BNCH-Java-Jr-Java Jr Dev Test-grades,0.52,0.4662
813,BNCH-Java-Jr-Java Jr Dev Test-grades,0.16,0.1848
814,BNCH-Java-Jr-Java Jr Dev Test-grades,0.04,0.0012
815,BNCH-Java-Jr-Java Jr Dev Test-grades,0.16,0.1437
816,BNCH-Java-Jr-Java Jr Dev Test-grades,0.2,0.1787
817,BNCH-Java-Jr-Java Jr Dev Test-grades,0.12,0.1304
818,BNCH-Java-Jr-Java Jr Dev Test-grades,0,0
819,BNCH-Java-Jr-Java Jr Dev Test-grades,0.32,0.3043
820,BNCH-Java-Jr-Java Jr Dev Test-grades,0.28,0.2258
821,BNCH-Java-Jr-Java Jr Dev Test-grades,0.36,0.3804
822,BNCH-Java-Jr-Java Jr Dev Test-grades,0.24,0.192
823,BNCH-Java-Jr-Java Jr Dev Test-grades,0,0
824,BNCH-Java-Jr-Java Jr Dev Test-grades,0,0
825,BNCH-Java-Jr-Java Jr Dev Test-grades,0.24,0.1655
826,BNCH-Java-Jr-Java Jr Dev Test-grades,0,0
827,BNCH-Java-Jr-Java Jr Dev Test-grades,0.04,0.0072
828,BNCH-Java-Jr-Java Jr Dev Test-grades,0,0
829,BNCH-Java-Jr-Java Jr Dev Test-grades,0.24,0.1558
830,BNCH-Java-Jr-Java Jr Dev Test-grades,0.64,0.6292
831,BNCH-Java-Jr-Java Jr Dev Test-grades,0.12,0.0688
832,BNCH-Java-Jr-Java Jr Dev Test-grades,0.08,0.0833
833,BNCH-Java-Jr-Java Jr Dev Test-grades,0.12,0.1872
834,BNCH-Java-Jr-Java Jr Dev Test-grades,0.64,0.5761
835,BNCH-Java-Jr-Java Jr Dev Test-grades,0.28,0.2512
836,BNCH-Java-Jr-Java Jr Dev Test-grades,0.4,0.2838
837,BNCH-Java-Jr-Java Jr Dev Test-grades,0.08,0.1039
838,BNCH-Java-Jr-Java Jr Dev Test-grades,0.2,0.2053
839,BNCH-Java-Jr-Java Jr Dev Test-grades,0.28,0.1884
840,BNCH-Java-Jr-Java Jr Dev Test-grades,0.32,0.3321
841,BNCH-Java-Jr-Java Jr Dev Test-grades,0.32,0.3176
842,BNCH-Java-Jr-Java Jr Dev Test-grades,0.56,0.57
843,BNCH-Java-Jr-Java Jr Dev Test-grades,0.24,0.3116
844,BNCH-Java-Jr-Java Jr Dev Test-grades,0.16,0.279
845,BNCH-Java-Jr-Java Jr Dev Test-grades,0.28,0.2669
846,BNCH-Java-Jr-Java Jr Dev Test-grades,0.4,0.3068
847,BNCH-Java-Jr-Java Jr Dev Test-grades,0.56,0.3732
848,BNCH-Java-Jr-Java Jr Dev Test-grades,0.36,0.2947
849,BNCH-Java-Jr-Java Jr Dev Test-grades,0.44,0.4275
850,BNCH-Java-Jr-Java Jr Dev Test-grades,0.4,0.2971
851,BNCH-Java-Jr-Java Jr Dev Test-grades,0.32,0.3152
852,BNCH-Java-Jr-Java Jr Dev Test-grades,0.32,0.2693
853,BNCH-Java-Jr-Java Jr Dev Test-grades,0.6,0.4662
854,BNCH-Java-Jr-Java Jr Dev Test-grades,0.36,0.2488
855,BNCH-Java-Jr-Java Jr Dev Test-grades,0.28,0.2319
856,BNCH-Java-Jr-Java Jr Dev Test-grades,0.16,0.1002
857,BNCH-Java-Jr-Java Jr Dev Test-grades,0.52,0.4722
858,BNCH-Java-Jr-Java Jr Dev Test-grades,0.68,0.6184
859,BNCH-Java-Jr-Java Jr Dev Test-grades,0.56,0.5604
860,BNCH-Java-Jr-Java Jr Dev Test-grades,0.92,0.7971
861,BNCH-Java-Jr-Java Jr Dev Test-grades,0.72,0.6147
862,BNCH-Java-Jr-Java Jr Dev Test-grades,0,0
863,BNCH-Java-Jr-Java Jr Dev Test-grades,0.36,0.4384
864,BNCH-Java-Jr-Java Jr Dev Test-grades,0.32,0.2899
865,BNCH-Java-Jr-Java Jr Dev Test-grades,0.4,0.3877
866,BNCH-Java-Jr-Java Jr Dev Test-grades,0.48,0.4336
867,BNCH-Java-Jr-Java Jr Dev Test-grades,0.56,0.5217
868,BNCH-Java-Jr-Java Jr Dev Test-grades,0.68,0.5326
869,BNCH-Java-Jr-Java Jr Dev Test-grades,0.44,0.3478
870,BNCH-Java-Jr-Java Jr Dev Test-grades,0.4,0.2681
871,BNCH-Java-Jr-Java Jr Dev Test-grades,0.48,0.471
872,BNCH-Java-Jr-Java Jr Dev Test-grades,0.48,0.4251
873,BNCH-Java-Jr-Java Jr Dev Test-grades,0.28,0.1932
874,BNCH-Java-Jr-Java Jr Dev Test-grades,0.52,0.3756
875,BNCH-Java-Jr-Java Jr Dev Test-grades,0.68,0.6159
876,BNCH-Java-Jr-Java Jr Dev Test-grades,0.4,0.3587
877,BNCH-Java-Jr-Java Jr Dev Test-grades,0.44,0.413
878,BNCH-Java-Jr-Java Jr Dev Test-grades,0.12,0.1087
879,BNCH-Java-Jr-Java Jr Dev Test-grades,0.44,0.3539
880,BNCH-Java-Jr-Java Jr Dev Test-grades,0.52,0.4674
881,BNCH-Java-Jr-Java Jr Dev Test-grades,0.52,0.4807
882,BNCH-Java-Jr-Java Jr Dev Test-grades,0.32,0.3418
883,BNCH-Java-Jr-Java Jr Dev Test-grades,0,0
884,BNCH-Java-Jr-Java Jr Dev Test-grades,0.36,0.3188
885,BNCH-Java-Jr-Java Jr Dev Test-grades,0.04,0.0314
886,BNCH-Java-Jr-Java Jr Dev Test-grades,0.52,0.4432
887,BNCH-Java-Jr-Java Jr Dev Test-grades,0.6,0.5435
888,BNCH-Java-Jr-Java Jr Dev Test-grades,0.4,0.3213
889,BNCH-Java-Jr-Java Jr Dev Test-grades,0.44,0.4517
890,BNCH-Java-Jr-Java Jr Dev Test-grades,0.2,0.1957
891,BNCH-Java-Jr-Java Jr Dev Test-grades,0.24,0.2693
892,BNCH-Java-Jr-Java Jr Dev Test-grades,0.24,0.2983
893,BNCH-Java-Jr-Java Jr Dev Test-grades,0.2,0.2464
894,BNCH-Java-Jr-Java Jr Dev Test-grades,0.72,0.6377
895,BNCH-Java-Jr-Java Jr Dev Test-grades,0.2,0.1594
896,BNCH-Java-Jr-Java Jr Dev Test-grades,0,0.0145
897,BNCH-Java-Jr-Java Jr Dev Test-grades,0.64,0.6486
898,BNCH-Java-Jr-Java Jr Dev Test-grades,0.48,0.4807
899,BNCH-Java-Jr-Java Jr Dev Test-grades,0.56,0.4529
900,BNCH-Java-Jr-Java Jr Dev Test-grades,0.4,0.3225
901,BNCH-Java-Jr-Java Jr Dev Test-grades,0.64,0.6159
902,BNCH-Java-Jr-Java Jr Dev Test-grades,0.56,0.5169
903,BNCH-Java-Jr-Java Jr Dev Test-grades,0.12,0.1316
904,BNCH-Java-Jr-Java Jr Dev Test-grades,0,0
905,BNCH-Java-Jr-Java Jr Dev Test-grades,0.56,0.4239
906,BNCH-Java-Jr-Java Jr Dev Test-grades,0.4,0.3768
907,BNCH-Java-Jr-Java Jr Dev Test-grades,0.44,0.5
908,BNCH-Java-Jr-Java Jr Dev Test-grades,0.56,0.5471
909,BNCH-Java-Jr-Java Jr Dev Test-grades,0.64,0.6111
910,BNCH-Java-Jr-Java Jr Dev Test-grades,0.32,0.2742
911,BNCH-Java-Jr-Java Jr Dev Test-grades,0.72,0.6667
912,BNCH-Java-Jr-Java Jr Dev Test-grades,0.72,0.5592
913,BNCH-Java-Jr-Java Jr Dev Test-grades,0.44,0.3297
914,BNCH-Java-Jr-Java Jr Dev Test-grades,0.72,0.6715
915,BNCH-Java-Jr-Java Jr Dev Test-grades,0.56,0.4469
916,BNCH-Java-Jr-Java Jr Dev Test-grades,0.48,0.4396
917,BNCH-Java-Jr-Java Jr Dev Test-grades,0.28,0.2729
918,BNCH-Java-Jr-Java Jr Dev Test-grades,0.68,0.6715
919,BNCH-Java-Jr-Java Jr Dev Test-grades,0.72,0.7452
920,BNCH-Java-Jr-Java Jr Dev Test-grades,0.2,0.2162
921,BNCH-Java-Jr-Java Jr Dev Test-grades,0.64,0.628
922,BNCH-Java-Jr-Java Jr Dev Test-grades,0,0.029
923,BNCH-Java-Jr-Java Jr Dev Test-grades,0.28,0.2802
924,BNCH-Java-Jr-Java Jr Dev Test-grades,0.04,0.0688
925,BNCH-Java-Jr-Java Jr Dev Test-grades,0.32,0.3116
926,BNCH-Java-Jr-Java Jr Dev Test-grades,0.24,0.2234
927,BNCH-Java-Jr-Java Jr Dev Test-grades,0.36,0.3394
928,BNCH-Java-Jr-Java Jr Dev Test-grades,0,0
929,BNCH-Java-Jr-Java Jr Dev Test-grades,0.16,0.1691
930,BNCH-Java-Jr-Java Jr Dev Test-grades,0.48,0.4457
931,BNCH-Java-Jr-Java Jr Dev Test-grades,0.2,0.2886
932,BNCH-Java-Jr-Java Jr Dev Test-grades,0.52,0.4843
933,BNCH-Java-Jr-Java Jr Dev Test-grades,0.64,0.6208
934,BNCH-Java-Jr-Java Jr Dev Test-grades,0.28,0.2403
935,BNCH-Java-Jr-Java Jr Dev Test-grades,0,-0.0036
936,BNCH-Java-Jr-Java Jr Dev Test-grades,0.36,0.3188
937,BNCH-Java-Jr-Java Jr Dev Test-grades,0.16,0.2391
938,BNCH-Java-Jr-Java Jr Dev Test-grades,0.2,0.1812
939,BNCH-Java-Jr-Java Jr Dev Test-grades,0.04,0.0145
940,BNCH-Java-Jr-Java Jr Dev Test-grades,0.56,0.5761
941,BNCH-Java-Jr-Java Jr Dev Test-grades,0.48,0.4058
942,BNCH-Java-Jr-Java Jr Dev Test-grades,0.64,0.6703
943,BNCH-Java-Jr-Java Jr Dev Test-grades,0.28,0.2669
944,BNCH-Java-Jr-Java Jr Dev Test-grades,0.4,0.407
945,BNCH-Java-Jr-Java Jr Dev Test-grades,0.44,0.4746
946,BNCH-Java-Jr-Java Jr Dev Test-grades,0.56,0.5531
947,BNCH-Java-Jr-Java Jr Dev Test-grades,0.72,0.6522
948,BNCH-Java-Jr-Java Jr Dev Test-grades,0,0
949,BNCH-Java-Jr-Java Jr Dev Test-grades,0.6,0.6111
950,BNCH-Java-Jr-Java Jr Dev Test-grades,0.16,0.1594
951,BNCH-Java-Jr-Java Jr Dev Test-grades,0.72,0.7005
952,BNCH-Java-Jr-Java Jr Dev Test-grades,0.52,0.5254
953,BNCH-Java-Jr-Java Jr Dev Test-grades,0.72,0.7101
954,BNCH-Java-Jr-Java Jr Dev Test-grades,0,0
955,BNCH-Java-Jr-Java Jr Dev Test-grades,0.32,0.4022
956,BNCH-Java-Jr-Java Jr Dev Test-grades,0.4,0.3901
957,Oracle_Refresher_Post_Assessment-SQL_PLSQL_MCQs_Coding-grades,0.7059,0.6064
958,Oracle_Refresher_Post_Assessment-SQL_PLSQL_MCQs_Coding-grades,0.4118,0.4136
959,Oracle_Refresher_Post_Assessment-SQL_PLSQL_MCQs_Coding-grades,0.2353,0.1962
960,Oracle_Refresher_Post_Assessment-SQL_PLSQL_MCQs_Coding-grades,0.5882,0.4795
961,Oracle_Refresher_Post_Assessment-SQL_PLSQL_MCQs_Coding-grades,0.5882,0.5121
962,Oracle_Refresher_Post_Assessment-SQL_PLSQL_MCQs_Coding-grades,0.5882,0.5244
963,Oracle_Refresher_Post_Assessment-SQL_PLSQL_MCQs_Coding-grades,0.5294,0.4049
964,Oracle_Refresher_Post_Assessment-SQL_PLSQL_MCQs_Coding-grades,0.4118,0.3749
965,Oracle_Refresher_Post_Assessment-SQL_PLSQL_MCQs_Coding-grades,0.6471,0.5569
966,Oracle_Refresher_Post_Assessment-SQL_PLSQL_MCQs_Coding-grades,0.2353,0.259
967,Oracle_Refresher_Post_Assessment-SQL_PLSQL_MCQs_Coding-grades,0.3529,0.2487
968,Oracle_Refresher_Post_Assessment-SQL_PLSQL_MCQs_Coding-grades,0.4706,0.47
969,Oracle_Refresher_Post_Assessment-SQL_PLSQL_MCQs_Coding-grades,0.4118,0.4331
970,Oracle_Refresher_Post_Assessment-SQL_PLSQL_MCQs_Coding-grades,0.5882,0.6
971,Oracle_Refresher_Post_Assessment-SQL_PLSQL_MCQs_Coding-grades,0.4706,0.4577
972,Oracle_Refresher_Post_Assessment-SQL_PLSQL_MCQs_Coding-grades,0.3529,0.2338
973,Oracle_Refresher_Post_Assessment-SQL_PLSQL_MCQs_Coding-grades,0.2353,0.2551
974,Oracle_Refresher_Post_Assessment-SQL_PLSQL_MCQs_Coding-grades,0.5294,0.4723
975,Oracle_Refresher_Post_Assessment-SQL_PLSQL_MCQs_Coding-grades,0.6471,0.5364
976,Oracle_Refresher_Post_Assessment-SQL_PLSQL_MCQs_Coding-grades,0.3529,0.4446
977,Oracle_Refresher_Post_Assessment-SQL_PLSQL_MCQs_Coding-grades,0.7059,0.5833
978,Oracle_Refresher_Post_Assessment-SQL_PLSQL_MCQs_Coding-grades,0.7647,0.5946
979,Oracle_Refresher_Post_Assessment-SQL_PLSQL_MCQs_Coding-grades,0.4706,0.4305
980,Oracle_Refresher_Post_Assessment-SQL_PLSQL_MCQs_Coding-grades,0.3529,0.3556
981,Oracle_Refresher_Post_Assessment-SQL_PLSQL_MCQs_Coding-grades,0.2941,0.2577
982,Oracle_Refresher_Post_Assessment-SQL_PLSQL_MCQs_Coding-grades,0.4118,0.4203
983,Oracle_Refresher_Post_Assessment-SQL_PLSQL_MCQs_Coding-grades,0.5294,0.4559
984,Oracle_Refresher_Post_Assessment-SQL_PLSQL_MCQs_Coding-grades,0.4706,0.3408
985,Oracle_Refresher_Post_Assessment-SQL_PLSQL_MCQs_Coding-grades,0.5294,0.4069
986,Oracle_Refresher_Post_Assessment-SQL_PLSQL_MCQs_Coding-grades,0.4118,0.4062
987,Oracle_Refresher_Post_Assessment-SQL_PLSQL_MCQs_Coding-grades,0.4706,0.4646
988,Oracle_Refresher_Post_Assessment-SQL_PLSQL_MCQs_Coding-grades,0.4706,0.4621
989,Oracle_Refresher_Post_Assessment-SQL_PLSQL_MCQs_Coding-grades,0.7647,0.5241
990,Oracle_Refresher_Post_Assessment-SQL_PLSQL_MCQs_Coding-grades,0.7059,0.5459
991,Oracle_Refresher_Post_Assessment-SQL_PLSQL_MCQs_Coding-grades,0.7059,0.6567
992,Oracle_Refresher_Post_Assessment-SQL_PLSQL_MCQs_Coding-grades,0.2941,0.271
993,Oracle_Refresher_Post_Assessment-SQL_PLSQL_MCQs_Coding-grades,0.5882,0.4792
994,Oracle_Refresher_Post_Assessment-SQL_PLSQL_MCQs_Coding-grades,0.3529,0.4103
995,Oracle_Refresher_Post_Assessment-SQL_PLSQL_MCQs_Coding-grades,0.4706,0.3564
996,Oracle_Refresher_Post_Assessment-SQL_PLSQL_MCQs_Coding-grades,0.4706,0.3528
997,Oracle_Refresher_Post_Assessment-SQL_PLSQL_MCQs_Coding-grades,0.3529,0.4005
998,Oracle_Refresher_Post_Assessment-SQL_PLSQL_MCQs_Coding-grades,0.5294,0.541
999,Oracle_Refresher_Post_Assessment-SQL_PLSQL_MCQs_Coding-grades,0.7647,0.5815
1000,Oracle_Refresher_Post_Assessment-SQL_PLSQL_MCQs_Coding-grades,0.4706,0.3492
1001,Oracle_Refresher_Post_Assessment-SQL_PLSQL_MCQs_Coding-grades,0.6471,0.6008
1002,Oracle_Refresher_Post_Assessment-SQL_PLSQL_MCQs_Coding-grades,0.7059,0.6133
1003,Oracle_Refresher_Post_Assessment-SQL_PLSQL_MCQs_Coding-grades,0.7647,0.7615
1004,Oracle_Refresher_Post_Assessment-SQL_PLSQL_MCQs_Coding-grades,0.5882,0.5569
1005,Oracle_Refresher_Post_Assessment-SQL_PLSQL_MCQs_Coding-grades,0.4118,0.3985
1006,Oracle_Refresher_Post_Assessment-SQL_PLSQL_MCQs_Coding-grades,0.4706,0.4979
1007,Oracle_Refresher_Post_Assessment-SQL_PLSQL_MCQs_Coding-grades,0.5882,0.6172
1008,Oracle_Refresher_Post_Assessment-SQL_PLSQL_MCQs_Coding-grades,0.2941,0.3005
1009,Oracle_Refresher_Post_Assessment-SQL_PLSQL_MCQs_Coding-grades,0.7059,0.5462
1010,Oracle_Refresher_Post_Assessment-SQL_PLSQL_MCQs_Coding-grades,0.8824,0.7108
1011,Oracle_Refresher_Post_Assessment-SQL_PLSQL_MCQs_Coding-grades,0.7059,0.6308
1012,Oracle_Refresher_Post_Assessment-SQL_PLSQL_MCQs_Coding-grades,0.5294,0.34
1013,Oracle_Refresher_Post_Assessment-SQL_PLSQL_MCQs_Coding-grades,0.7647,0.6787
1014,Oracle_Refresher_Post_Assessment-SQL_PLSQL_MCQs_Coding-grades,0.5294,0.4292
1015,Oracle_Refresher_Post_Assessment-SQL_PLSQL_MCQs_Coding-grades,0.7059,0.5785
1016,Oracle_Refresher_Post_Assessment-SQL_PLSQL_MCQs_Coding-grades,0.1765,0.1269
1017,Oracle_Refresher_Post_Assessment-SQL_PLSQL_MCQs_Coding-grades,0.2941,0.2462
1018,Oracle_Refresher_Post_Assessment-SQL_PLSQL_MCQs_Coding-grades,0.7647,0.521
1019,Oracle_Refresher_Post_Assessment-SQL_PLSQL_MCQs_Coding-grades,0.6471,0.5654
1020,Oracle_Refresher_Post_Assessment-SQL_PLSQL_MCQs_Coding-grades,0.5294,0.53
1021,Oracle_Refresher_Post_Assessment-SQL_PLSQL_MCQs_Coding-grades,0.4706,0.4244
1022,Oracle_Refresher_Post_Assessment-SQL_PLSQL_MCQs_Coding-grades,0.8235,0.75
1023,Oracle_Refresher_Post_Assessment-SQL_PLSQL_MCQs_Coding-grades,0.4706,0.4485
1024,Oracle_Refresher_Post_Assessment-SQL_PLSQL_MCQs_Coding-grades,0.5294,0.3774
1025,Oracle_Refresher_Post_Assessment-SQL_PLSQL_MCQs_Coding-grades,0.2941,0.2846
1026,Oracle_Refresher_Post_Assessment-SQL_PLSQL_MCQs_Coding-grades,0.1176,0.1449
1027,Oracle_Refresher_Post_Assessment-SQL_PLSQL_MCQs_Coding-grades,0.4118,0.3526
1028,Oracle_Refresher_Post_Assessment-SQL_PLSQL_MCQs_Coding-grades,0,0.0456
1029,Oracle_Refresher_Post_Assessment-SQL_PLSQL_MCQs_Coding-grades,0.4706,0.4762
1030,Oracle_Refresher_Post_Assessment-SQL_PLSQL_MCQs_Coding-grades,0.7059,0.5821
1031,Oracle_Refresher_Post_Assessment-SQL_PLSQL_MCQs_Coding-grades,0.6471,0.4433
1032,Oracle_Refresher_Post_Assessment-SQL_PLSQL_MCQs_Coding-grades,0.1176,0.1577
1033,Oracle_Refresher_Post_Assessment-SQL_PLSQL_MCQs_Coding-grades,0.3529,0.2136
1034,Oracle_Refresher_Post_Assessment-SQL_PLSQL_MCQs_Coding-grades,0.6471,0.4356
1035,Oracle_Refresher_Post_Assessment-SQL_PLSQL_MCQs_Coding-grades,0.1176,0.1208
1036,Oracle_Refresher_Post_Assessment-SQL_PLSQL_MCQs_Coding-grades,0.6471,0.5269
1037,Oracle_Refresher_Post_Assessment-SQL_PLSQL_MCQs_Coding-grades,0.6471,0.4892
1038,Oracle_Refresher_Post_Assessment-SQL_PLSQL_MCQs_Coding-grades,0.3529,0.2846
1039,Oracle_Refresher_Post_Assessment-SQL_PLSQL_MCQs_Coding-grades,0.3529,0.3069
1040,Oracle_Refresher_Post_Assessment-SQL_PLSQL_MCQs_Coding-grades,0.2353,0.1687
1041,Oracle_Refresher_Post_Assessment-SQL_PLSQL_MCQs_Coding-grades,0.4706,0.4974
1042,Oracle_Refresher_Post_Assessment-SQL_PLSQL_MCQs_Coding-grades,0.7647,0.5864
1043,Oracle_Refresher_Post_Assessment-SQL_PLSQL_MCQs_Coding-grades,0.5882,0.58
1044,Oracle_Refresher_Post_Assessment-SQL_PLSQL_MCQs_Coding-grades,0.2353,0.1546
1045,Oracle_Refresher_Post_Assessment-SQL_PLSQL_MCQs_Coding-grades,0.4118,0.2787
1046,Oracle_Refresher_Post_Assessment-SQL_PLSQL_MCQs_Coding-grades,0.5882,0.5459
1047,Oracle_Refresher_Post_Assessment-SQL_PLSQL_MCQs_Coding-grades,0.5294,0.4941
1048,Oracle_Refresher_Post_Assessment-SQL_PLSQL_MCQs_Coding-grades,0.0588,0.0915
1049,Oracle_Refresher_Post_Assessment-SQL_PLSQL_MCQs_Coding-grades,0,0
1050,Oracle_Refresher_Post_Assessment-SQL_PLSQL_MCQs_Coding-grades,0.2941,0.2346
1051,Oracle_Refresher_Post_Assessment-SQL_PLSQL_MCQs_Coding-grades,0.5294,0.401
1052,Oracle_Refresher_Post_Assessment-SQL_PLSQL_MCQs_Coding-grades,0.4118,0.371
1053,Oracle_Refresher_Post_Assessment-SQL_PLSQL_MCQs_Coding-grades,0.2353,0.2628
1054,Oracle_Refresher_Post_Assessment-SQL_PLSQL_MCQs_Coding-grades,0.1176,0.1505
1055,Oracle_Refresher_Post_Assessment-SQL_PLSQL_MCQs_Coding-grades,0.5294,0.4179
1056,Oracle_Refresher_Post_Assessment-SQL_PLSQL_MCQs_Coding-grades,0.1176,0.0985
1057,Oracle_Refresher_Post_Assessment-SQL_PLSQL_MCQs_Coding-grades,0.2353,0.3456
1058,Oracle_Refresher_Post_Assessment-SQL_PLSQL_MCQs_Coding-grades,0.1176,0.1005
1059,Oracle_Refresher_Post_Assessment-SQL_PLSQL_MCQs_Coding-grades,0.5294,0.4103
1060,Oracle_Refresher_Post_Assessment-SQL_PLSQL_MCQs_Coding-grades,0.1176,0.1841
1061,Oracle_Refresher_Post_Assessment-SQL_PLSQL_MCQs_Coding-grades,0.1176,0.0641
1062,Oracle_Refresher_Post_Assessment-SQL_PLSQL_MCQs_Coding-grades,0.4706,0.3851
1063,Oracle_Refresher_Post_Assessment-SQL_PLSQL_MCQs_Coding-grades,0.1765,0.1762
1064,Oracle_Refresher_Post_Assessment-SQL_PLSQL_MCQs_Coding-grades,0.5294,0.5251
1065,Oracle_Refresher_Post_Assessment-SQL_PLSQL_MCQs_Coding-grades,0.4118,0.379
1066,Oracle_Refresher_Post_Assessment-SQL_PLSQL_MCQs_Coding-grades,0.2353,0.2621
1067,Selenium AT_1-Automation Testing-grades,0,0
1068,Selenium AT_1-Automation Testing-grades,0.625,0.58
1069,Selenium AT_1-Automation Testing-grades,0.25,0.19
1070,Selenium AT_1-Automation Testing-grades,0.75,0.6217
1071,Selenium AT_1-Automation Testing-grades,0.375,0.415
1072,Selenium AT_1-Automation Testing-grades,0.125,0.1833
1073,Selenium AT_1-Automation Testing-grades,0.375,0.3883
1074,Selenium AT_1-Automation Testing-grades,0.75,0.5767
1075,Selenium AT_1-Automation Testing-grades,0.75,0.58
1076,Selenium AT_1-Automation Testing-grades,0.875,0.585
1077,Selenium AT_1-Automation Testing-grades,0.75,0.6
1078,Selenium AT_1-Automation Testing-grades,0.375,0.4233
1079,Selenium AT_1-Automation Testing-grades,0,0
1080,Selenium AT_1-Automation Testing-grades,0.125,0.2233
1081,Selenium AT_1-Automation Testing-grades,0.75,0.495
1082,Selenium AT_1-Automation Testing-grades,0.875,0.7817
1083,Selenium AT_1-Automation Testing-grades,0.75,0.6467
1084,Selenium AT_1-Automation Testing-grades,0.5,0.4483
1085,Selenium AT_1-Automation Testing-grades,0.875,0.6583
1086,Selenium AT_1-Automation Testing-grades,0.75,0.5733
1087,Selenium AT_1-Automation Testing-grades,0.5,0.3
1088,Selenium AT_1-Automation Testing-grades,0.375,0.405
1089,Selenium AT_1-Automation Testing-grades,0.875,0.665
1090,Selenium AT_1-Automation Testing-grades,1,0.66
1091,Selenium AT_1-Automation Testing-grades,0.75,0.5
1092,Selenium AT_1-Automation Testing-grades,0.75,0.5967
1093,Selenium AT_1-Automation Testing-grades,0.75,0.555
1094,Selenium AT_1-Automation Testing-grades,0.375,0.3167
1095,Selenium AT_1-Automation Testing-grades,0.75,0.73
1096,Selenium AT_1-Automation Testing-grades,0.625,0.5917
1097,Selenium AT_1-Automation Testing-grades,0.75,0.6167
1098,Selenium AT_1-Automation Testing-grades,0.5,0.33
1099,Selenium AT_1-Automation Testing-grades,0.625,0.4133
1100,Selenium AT_1-Automation Testing-grades,0.625,0.505
1101,Selenium AT_1-Automation Testing-grades,0.25,0.3117
1102,Selenium AT_1-Automation Testing-grades,1,0.775
1103,Selenium AT_1-Automation Testing-grades,0,0
1104,Selenium AT_1-Automation Testing-grades,0.75,0.695
1105,Selenium AT_1-Automation Testing-grades,0.625,0.5033
1106,Selenium AT_1-Automation Testing-grades,0.625,0.49
1107,Selenium AT_1-Automation Testing-grades,1,0.7333
1108,Selenium AT_1-Automation Testing-grades,0.375,0.435
1109,Selenium AT_1-Automation Testing-grades,0.375,0.415
1110,Selenium AT_1-Automation Testing-grades,1,0.7483
1111,Selenium AT_1-Automation Testing-grades,0.625,0.4633
1112,Selenium AT_1-Automation Testing-grades,0.5,0.485
1113,Selenium AT_1-Automation Testing-grades,0.75,0.5083
1114,Selenium AT_1-Automation Testing-grades,0.75,0.575
1115,Selenium AT_1-Automation Testing-grades,0.875,0.645
1116,Selenium AT_1-Automation Testing-grades,0.375,0.38
1117,Selenium AT_1-Automation Testing-grades,0.25,0.2117
1118,Selenium AT_1-Automation Testing-grades,0.25,0.3317
1119,Selenium AT_1-Automation Testing-grades,1,0.6517
1120,Selenium AT_1-Automation Testing-grades,0.625,0.49
1121,Selenium AT_1-Automation Testing-grades,0.75,0.59
1122,Selenium AT_1-Automation Testing-grades,0.25,0.2617
1123,Selenium AT_1-Automation Testing-grades,0.875,0.5883
1124,Selenium AT_1-Automation Testing-grades,0.5,0.43
1125,Selenium AT_1-Automation Testing-grades,0.75,0.455
1126,Selenium AT_1-Automation Testing-grades,0.875,0.6833
1127,Selenium AT_1-Automation Testing-grades,0.375,0.405
1128,Selenium AT_1-Automation Testing-grades,0.625,0.4417
1129,Selenium AT_1-Automation Testing-grades,0.5,0.4483
1130,Selenium AT_1-Automation Testing-grades,0.5,0.3517
1131,Selenium AT_1-Automation Testing-grades,0.75,0.4783
1132,Selenium AT_1-Automation Testing-grades,0.5,0.4333
1133,Selenium AT_1-Automation Testing-grades,0.75,0.58
1134,Selenium AT_1-Automation Testing-grades,0.625,0.5833
1135,Selenium AT_1-Automation Testing-grades,0.375,0.3617
1136,Selenium AT_1-Automation Testing-grades,0.125,0.225
1137,Selenium AT_1-Automation Testing-grades,0.375,0.225
1138,Selenium AT_1-Automation Testing-grades,0.375,0.285
1139,Selenium AT_1-Automation Testing-grades,0,0.23
1140,Selenium AT_1-Automation Testing-grades,0.625,0.51
1141,Selenium AT_1-Automation Testing-grades,0.125,0.2117
1142,Selenium AT_1-Automation Testing-grades,0.5,0.395
1143,Selenium AT_1-Automation Testing-grades,0,0
1144,Selenium AT_1-Automation Testing-grades,0.375,0.25
1145,Selenium AT_1-Automation Testing-grades,0.125,0.04
1146,Selenium AT_1-Automation Testing-grades,0.625,0.42
1147,Selenium AT_1-Automation Testing-grades,0.375,0.235
1148,Selenium AT_1-Automation Testing-grades,0.125,0.14
1149,Selenium AT_1-Automation Testing-grades,0,0.1617
1150,Selenium AT_1-Automation Testing-grades,0.25,0.16
1151,Selenium AT_1-Automation Testing-grades,0.25,0.1583
1152,Selenium AT_1-Automation Testing-grades,0.375,0.4217
1153,Selenium AT_1-Automation Testing-grades,0.375,0.3633
1154,Selenium AT_1-Automation Testing-grades,0.125,0.26
1155,Selenium AT_1-Automation Testing-grades,0.125,0.085
1156,Selenium AT_1-Automation Testing-grades,0.125,0.255
1157,Selenium AT_1-Automation Testing-grades,0.625,0.4733
1158,Selenium AT_1-Automation Testing-grades,0.25,0.39
1159,Selenium AT_1-Automation Testing-grades,0.875,0.65
1160,Selenium AT_1-Automation Testing-grades,0.125,0.32
1161,Selenium AT_1-Automation Testing-grades,0.375,0.385
1162,Selenium AT_1-Automation Testing-grades,0.25,0.375
1163,Selenium AT_1-Automation Testing-grades,0.5,0.4767
1164,Selenium AT_1-Automation Testing-grades,0.5,0.4267
1165,Selenium AT_1-Automation Testing-grades,0.375,0.29
1166,Selenium AT_1-Automation Testing-grades,0.5,0.3483
1167,Selenium AT_1-Automation Testing-grades,0.75,0.5067
1168,Selenium AT_1-Automation Testing-grades,0,0.0917
1169,Selenium AT_1-Automation Testing-grades,0.25,0.215
1170,Selenium AT_1-Automation Testing-grades,0.75,0.6917
1171,Selenium AT_1-Automation Testing-grades,0.25,0.2583
1172,Selenium AT_1-Automation Testing-grades,0.25,0.24
1173,Selenium AT_1-Automation Testing-grades,0.5,0.39
1174,Selenium AT_1-Automation Testing-grades,0.875,0.6433
1175,Selenium AT_1-Automation Testing-grades,0,0
1176,Selenium AT_1-Automation Testing-grades,0.375,0.3217
1177,Selenium AT_1-Automation Testing-grades,0.5,0.5017
1178,Selenium AT_1-Automation Testing-grades,0.375,0.395
1179,Selenium AT_1-Automation Testing-grades,0.375,0.3483
1180,Selenium AT_1-Automation Testing-grades,0.625,0.405
1181,Selenium AT_1-Automation Testing-grades,0.25,0.135
1182,Selenium AT_1-Automation Testing-grades,1,0.695
1183,Selenium AT_1-Automation Testing-grades,0.75,0.49
1184,Selenium AT_1-Automation Testing-grades,0.375,0.345
1185,Selenium AT_1-Automation Testing-grades,0.375,0.345
1186,Selenium AT_1-Automation Testing-grades,0.75,0.525
1187,Selenium AT_1-Automation Testing-grades,0.75,0.49
1188,Selenium AT_1-Automation Testing-grades,0.25,0.23
1189,Selenium AT_1-Automation Testing-grades,0.625,0.52
1190,Selenium AT_1-Automation Testing-grades,0.75,0.55
1191,Selenium AT_1-Automation Testing-grades,0.25,0.36
1192,Selenium AT_1-Automation Testing-grades,0.5,0.4617
1193,Selenium AT_1-Automation Testing-grades,0.75,0.525
1194,Selenium AT_1-Automation Testing-grades,0,0.015
1195,Selenium AT_1-Automation Testing-grades,0.5,0.4167